ad,primary_text_with_footer
A1_prove-it,"Getting collection calls about a debt you're not sure you owe?

Before you pay a cent, you can make the collector validate the debt in writing. Many collectors, especially debt buyers, can't produce the paperwork to back it up.

Our attorneys review what they send and tell you where you stand.

Attorney Advertising. Credo Legal Services, P.C., 1 Liberty Street, Suite 4010, New York, NY 10006. (212) 461-4026. Image is a dramatization. Prior results do not guarantee a similar outcome."
A2_is-it-yours,"A collection letter shows up. You can demand proof in writing before you pay.

Debt buyers often can't produce the original contract or the account history that proves they even own it. Our attorneys make them show it.

Free case review.

Attorney Advertising. Credo Legal Services, P.C., 1 Liberty Street, Suite 4010, New York, NY 10006. (212) 461-4026. Image is a dramatization. Prior results do not guarantee a similar outcome."
A3_three-things,"Three things collectors hope you don't know:

1. You can make them validate the debt in writing
2. Debt buyers often can't prove they even own it
3. Balances are frequently inflated, so you may owe far less than they claim

Knowing this changes how you respond.

Attorney Advertising. Credo Legal Services, P.C., 1 Liberty Street, Suite 4010, New York, NY 10006. (212) 461-4026. Image is a dramatization. Prior results do not guarantee a similar outcome."
A4_before-after,"They called for years. They never proved the debt was mine.

Before: calls every week, a balance that kept growing, and no proof it was even yours.

After: they have to validate it in writing, attorneys handle the response, and you pay one flat monthly fee.

Free case review.

Attorney Advertising. Credo Legal Services, P.C., 1 Liberty Street, Suite 4010, New York, NY 10006. (212) 461-4026. Image is a dramatization. Prior results do not guarantee a similar outcome."
A5_medical,"A collector says you owe a medical bill. Can they prove it?

Medical billing is full of coding errors and duplicate charges, and a collector has to validate the amount if you ask. Our attorneys review it before you pay anything.

Free case review.

Attorney Advertising. Credo Legal Services, P.C., 1 Liberty Street, Suite 4010, New York, NY 10006. (212) 461-4026. Image is a dramatization. Prior results do not guarantee a similar outcome."
A6_in-writing,"Make them prove it.

A collector has to validate the debt in writing. Many debt buyers can't.

Free case review. Flat monthly fee. Attorneys licensed in New York.

Attorney Advertising. Credo Legal Services, P.C., 1 Liberty Street, Suite 4010, New York, NY 10006. (212) 461-4026. Image is a dramatization. Prior results do not guarantee a similar outcome."
