scope,role,path
S_All-States,search image,https://2-human.github.io/credo-public-meta-ads-preview/assets/gads/18401137547102711749.jpg
S_All-States,search image,https://2-human.github.io/credo-public-meta-ads-preview/assets/gads/11552925387565196913.jpg
S_All-States,search image,https://2-human.github.io/credo-public-meta-ads-preview/assets/gads/14048107925654708274.jpg
S_All-States,search image,https://2-human.github.io/credo-public-meta-ads-preview/assets/gads/4225907440587458177.png
S_All-States,search image,https://2-human.github.io/credo-public-meta-ads-preview/assets/gads/4514628825722029981.png
S_All-States,search image,https://2-human.github.io/credo-public-meta-ads-preview/assets/gads/871386309015282469.png
S_All-States,search image,https://2-human.github.io/credo-public-meta-ads-preview/assets/gads/3315467150733023298.jpg
S_All-States,search image,https://2-human.github.io/credo-public-meta-ads-preview/assets/gads/8718132841380230811.jpg
S_All-States,search image,https://2-human.github.io/credo-public-meta-ads-preview/assets/gads/14532433661126105828.jpg
S_All-States,search image,https://2-human.github.io/credo-public-meta-ads-preview/assets/gads/6297440044959937526.jpg
S_All-States,search image,https://2-human.github.io/credo-public-meta-ads-preview/assets/gads/11388486790895971703.jpg
S_All-States,search image,https://2-human.github.io/credo-public-meta-ads-preview/assets/gads/12141969167608905905.jpg
S_All-States,search image,https://2-human.github.io/credo-public-meta-ads-preview/assets/gads/9960632707950966792.jpg
S_All-States,search image,https://2-human.github.io/credo-public-meta-ads-preview/assets/gads/11665200205945360977.jpg
S_All-States,search image,https://2-human.github.io/credo-public-meta-ads-preview/assets/gads/12326775151082893620.jpg
S_All-States,search image,https://2-human.github.io/credo-public-meta-ads-preview/assets/gads/8740874514523327346.jpg
S_CreditCard_NW,search image,https://2-human.github.io/credo-public-meta-ads-preview/assets/gads/4678144380095204004.jpg
S_CreditCard_NW,search image,https://2-human.github.io/credo-public-meta-ads-preview/assets/gads/12747298491246855321.png
S_CreditCard_NW,search image,https://2-human.github.io/credo-public-meta-ads-preview/assets/gads/4181739715183792482.png
S_CreditCard_NW,search image,https://2-human.github.io/credo-public-meta-ads-preview/assets/gads/16915554719853257775.png
S_CreditCard_NW,search image,https://2-human.github.io/credo-public-meta-ads-preview/assets/gads/7269870354561888934.png
S_CreditCard_NW,search image,https://2-human.github.io/credo-public-meta-ads-preview/assets/gads/6403312953620359879.jpg
S_CreditCard_NW,search image,https://2-human.github.io/credo-public-meta-ads-preview/assets/gads/11431283842869882663.png
S_CreditCard_NW,search image,https://2-human.github.io/credo-public-meta-ads-preview/assets/gads/12114998437831571336.png
S_CreditCard_NW,search image,https://2-human.github.io/credo-public-meta-ads-preview/assets/gads/12719130973583147061.jpg
S_CreditCard_NW,search image,https://2-human.github.io/credo-public-meta-ads-preview/assets/gads/871386309015282469.png
S_CreditCard_NW,search image,https://2-human.github.io/credo-public-meta-ads-preview/assets/gads/8718132841380230811.jpg
S_CreditCard_NW,search image,https://2-human.github.io/credo-public-meta-ads-preview/assets/gads/14532433661126105828.jpg
S_CreditCard_NW,search image,https://2-human.github.io/credo-public-meta-ads-preview/assets/gads/11388486790895971703.jpg
S_CreditCard_NW,search image,https://2-human.github.io/credo-public-meta-ads-preview/assets/gads/9960632707950966792.jpg
S_CreditCard_NW,search image,https://2-human.github.io/credo-public-meta-ads-preview/assets/gads/488056723169010161.jpg
S_CreditCard_NW,search image,https://2-human.github.io/credo-public-meta-ads-preview/assets/gads/17221793860727033070.jpg
S_CreditCard_NW,search image,https://2-human.github.io/credo-public-meta-ads-preview/assets/gads/12326775151082893620.jpg
S_CreditCard_NW,search image,https://2-human.github.io/credo-public-meta-ads-preview/assets/gads/8740874514523327346.jpg
S_CreditCard_NW,search image,https://2-human.github.io/credo-public-meta-ads-preview/assets/gads/4763342486563356181.jpg
S_CreditCard_NW,search image,https://2-human.github.io/credo-public-meta-ads-preview/assets/gads/95074475711051481.jpg
S_Garnishment_NW,search image,https://2-human.github.io/credo-public-meta-ads-preview/assets/gads/4678144380095204004.jpg
S_Garnishment_NW,search image,https://2-human.github.io/credo-public-meta-ads-preview/assets/gads/12747298491246855321.png
S_Garnishment_NW,search image,https://2-human.github.io/credo-public-meta-ads-preview/assets/gads/4181739715183792482.png
S_Garnishment_NW,search image,https://2-human.github.io/credo-public-meta-ads-preview/assets/gads/16915554719853257775.png
S_Garnishment_NW,search image,https://2-human.github.io/credo-public-meta-ads-preview/assets/gads/7269870354561888934.png
S_Garnishment_NW,search image,https://2-human.github.io/credo-public-meta-ads-preview/assets/gads/6403312953620359879.jpg
S_Garnishment_NW,search image,https://2-human.github.io/credo-public-meta-ads-preview/assets/gads/11431283842869882663.png
S_Garnishment_NW,search image,https://2-human.github.io/credo-public-meta-ads-preview/assets/gads/12114998437831571336.png
S_Garnishment_NW,search image,https://2-human.github.io/credo-public-meta-ads-preview/assets/gads/12719130973583147061.jpg
S_Garnishment_NW,search image,https://2-human.github.io/credo-public-meta-ads-preview/assets/gads/871386309015282469.png
S_Garnishment_NW,search image,https://2-human.github.io/credo-public-meta-ads-preview/assets/gads/8718132841380230811.jpg
S_Garnishment_NW,search image,https://2-human.github.io/credo-public-meta-ads-preview/assets/gads/14532433661126105828.jpg
S_Garnishment_NW,search image,https://2-human.github.io/credo-public-meta-ads-preview/assets/gads/11388486790895971703.jpg
S_Garnishment_NW,search image,https://2-human.github.io/credo-public-meta-ads-preview/assets/gads/9960632707950966792.jpg
S_Garnishment_NW,search image,https://2-human.github.io/credo-public-meta-ads-preview/assets/gads/488056723169010161.jpg
S_Garnishment_NW,search image,https://2-human.github.io/credo-public-meta-ads-preview/assets/gads/17221793860727033070.jpg
S_Garnishment_NW,search image,https://2-human.github.io/credo-public-meta-ads-preview/assets/gads/12326775151082893620.jpg
S_Garnishment_NW,search image,https://2-human.github.io/credo-public-meta-ads-preview/assets/gads/8740874514523327346.jpg
S_Garnishment_NW,search image,https://2-human.github.io/credo-public-meta-ads-preview/assets/gads/4763342486563356181.jpg
S_Garnishment_NW,search image,https://2-human.github.io/credo-public-meta-ads-preview/assets/gads/95074475711051481.jpg
S_Harassment_NW,search image,https://2-human.github.io/credo-public-meta-ads-preview/assets/gads/4678144380095204004.jpg
S_Harassment_NW,search image,https://2-human.github.io/credo-public-meta-ads-preview/assets/gads/12747298491246855321.png
S_Harassment_NW,search image,https://2-human.github.io/credo-public-meta-ads-preview/assets/gads/4181739715183792482.png
S_Harassment_NW,search image,https://2-human.github.io/credo-public-meta-ads-preview/assets/gads/16915554719853257775.png
S_Harassment_NW,search image,https://2-human.github.io/credo-public-meta-ads-preview/assets/gads/7269870354561888934.png
S_Harassment_NW,search image,https://2-human.github.io/credo-public-meta-ads-preview/assets/gads/6403312953620359879.jpg
S_Harassment_NW,search image,https://2-human.github.io/credo-public-meta-ads-preview/assets/gads/11431283842869882663.png
S_Harassment_NW,search image,https://2-human.github.io/credo-public-meta-ads-preview/assets/gads/12114998437831571336.png
S_Harassment_NW,search image,https://2-human.github.io/credo-public-meta-ads-preview/assets/gads/12719130973583147061.jpg
S_Harassment_NW,search image,https://2-human.github.io/credo-public-meta-ads-preview/assets/gads/871386309015282469.png
S_Harassment_NW,search image,https://2-human.github.io/credo-public-meta-ads-preview/assets/gads/8718132841380230811.jpg
S_Harassment_NW,search image,https://2-human.github.io/credo-public-meta-ads-preview/assets/gads/14532433661126105828.jpg
S_Harassment_NW,search image,https://2-human.github.io/credo-public-meta-ads-preview/assets/gads/11388486790895971703.jpg
S_Harassment_NW,search image,https://2-human.github.io/credo-public-meta-ads-preview/assets/gads/9960632707950966792.jpg
S_Harassment_NW,search image,https://2-human.github.io/credo-public-meta-ads-preview/assets/gads/488056723169010161.jpg
S_Harassment_NW,search image,https://2-human.github.io/credo-public-meta-ads-preview/assets/gads/17221793860727033070.jpg
S_Harassment_NW,search image,https://2-human.github.io/credo-public-meta-ads-preview/assets/gads/12326775151082893620.jpg
S_Harassment_NW,search image,https://2-human.github.io/credo-public-meta-ads-preview/assets/gads/8740874514523327346.jpg
S_Harassment_NW,search image,https://2-human.github.io/credo-public-meta-ads-preview/assets/gads/4763342486563356181.jpg
S_Harassment_NW,search image,https://2-human.github.io/credo-public-meta-ads-preview/assets/gads/95074475711051481.jpg
S_Lawsuit_NW,search image,https://2-human.github.io/credo-public-meta-ads-preview/assets/gads/4678144380095204004.jpg
S_Lawsuit_NW,search image,https://2-human.github.io/credo-public-meta-ads-preview/assets/gads/12747298491246855321.png
S_Lawsuit_NW,search image,https://2-human.github.io/credo-public-meta-ads-preview/assets/gads/4181739715183792482.png
S_Lawsuit_NW,search image,https://2-human.github.io/credo-public-meta-ads-preview/assets/gads/16915554719853257775.png
S_Lawsuit_NW,search image,https://2-human.github.io/credo-public-meta-ads-preview/assets/gads/7269870354561888934.png
S_Lawsuit_NW,search image,https://2-human.github.io/credo-public-meta-ads-preview/assets/gads/6403312953620359879.jpg
S_Lawsuit_NW,search image,https://2-human.github.io/credo-public-meta-ads-preview/assets/gads/11431283842869882663.png
S_Lawsuit_NW,search image,https://2-human.github.io/credo-public-meta-ads-preview/assets/gads/12114998437831571336.png
S_Lawsuit_NW,search image,https://2-human.github.io/credo-public-meta-ads-preview/assets/gads/12719130973583147061.jpg
S_Lawsuit_NW,search image,https://2-human.github.io/credo-public-meta-ads-preview/assets/gads/871386309015282469.png
S_Lawsuit_NW,search image,https://2-human.github.io/credo-public-meta-ads-preview/assets/gads/8718132841380230811.jpg
S_Lawsuit_NW,search image,https://2-human.github.io/credo-public-meta-ads-preview/assets/gads/14532433661126105828.jpg
S_Lawsuit_NW,search image,https://2-human.github.io/credo-public-meta-ads-preview/assets/gads/11388486790895971703.jpg
S_Lawsuit_NW,search image,https://2-human.github.io/credo-public-meta-ads-preview/assets/gads/9960632707950966792.jpg
S_Lawsuit_NW,search image,https://2-human.github.io/credo-public-meta-ads-preview/assets/gads/488056723169010161.jpg
S_Lawsuit_NW,search image,https://2-human.github.io/credo-public-meta-ads-preview/assets/gads/17221793860727033070.jpg
S_Lawsuit_NW,search image,https://2-human.github.io/credo-public-meta-ads-preview/assets/gads/12326775151082893620.jpg
S_Lawsuit_NW,search image,https://2-human.github.io/credo-public-meta-ads-preview/assets/gads/8740874514523327346.jpg
S_Lawsuit_NW,search image,https://2-human.github.io/credo-public-meta-ads-preview/assets/gads/4763342486563356181.jpg
S_Lawsuit_NW,search image,https://2-human.github.io/credo-public-meta-ads-preview/assets/gads/95074475711051481.jpg
S_MedicalDebt_NW,search image,https://2-human.github.io/credo-public-meta-ads-preview/assets/gads/4678144380095204004.jpg
S_MedicalDebt_NW,search image,https://2-human.github.io/credo-public-meta-ads-preview/assets/gads/12747298491246855321.png
S_MedicalDebt_NW,search image,https://2-human.github.io/credo-public-meta-ads-preview/assets/gads/4181739715183792482.png
S_MedicalDebt_NW,search image,https://2-human.github.io/credo-public-meta-ads-preview/assets/gads/16915554719853257775.png
S_MedicalDebt_NW,search image,https://2-human.github.io/credo-public-meta-ads-preview/assets/gads/7269870354561888934.png
S_MedicalDebt_NW,search image,https://2-human.github.io/credo-public-meta-ads-preview/assets/gads/6403312953620359879.jpg
S_MedicalDebt_NW,search image,https://2-human.github.io/credo-public-meta-ads-preview/assets/gads/11431283842869882663.png
S_MedicalDebt_NW,search image,https://2-human.github.io/credo-public-meta-ads-preview/assets/gads/12114998437831571336.png
S_MedicalDebt_NW,search image,https://2-human.github.io/credo-public-meta-ads-preview/assets/gads/12719130973583147061.jpg
S_MedicalDebt_NW,search image,https://2-human.github.io/credo-public-meta-ads-preview/assets/gads/871386309015282469.png
S_MedicalDebt_NW,search image,https://2-human.github.io/credo-public-meta-ads-preview/assets/gads/8718132841380230811.jpg
S_MedicalDebt_NW,search image,https://2-human.github.io/credo-public-meta-ads-preview/assets/gads/14532433661126105828.jpg
S_MedicalDebt_NW,search image,https://2-human.github.io/credo-public-meta-ads-preview/assets/gads/11388486790895971703.jpg
S_MedicalDebt_NW,search image,https://2-human.github.io/credo-public-meta-ads-preview/assets/gads/9960632707950966792.jpg
S_MedicalDebt_NW,search image,https://2-human.github.io/credo-public-meta-ads-preview/assets/gads/488056723169010161.jpg
S_MedicalDebt_NW,search image,https://2-human.github.io/credo-public-meta-ads-preview/assets/gads/17221793860727033070.jpg
S_MedicalDebt_NW,search image,https://2-human.github.io/credo-public-meta-ads-preview/assets/gads/12326775151082893620.jpg
S_MedicalDebt_NW,search image,https://2-human.github.io/credo-public-meta-ads-preview/assets/gads/8740874514523327346.jpg
S_MedicalDebt_NW,search image,https://2-human.github.io/credo-public-meta-ads-preview/assets/gads/4763342486563356181.jpg
S_MedicalDebt_NW,search image,https://2-human.github.io/credo-public-meta-ads-preview/assets/gads/95074475711051481.jpg
S_PaydayLoan_NW,search image,https://2-human.github.io/credo-public-meta-ads-preview/assets/gads/4678144380095204004.jpg
S_PaydayLoan_NW,search image,https://2-human.github.io/credo-public-meta-ads-preview/assets/gads/12747298491246855321.png
S_PaydayLoan_NW,search image,https://2-human.github.io/credo-public-meta-ads-preview/assets/gads/4181739715183792482.png
S_PaydayLoan_NW,search image,https://2-human.github.io/credo-public-meta-ads-preview/assets/gads/16915554719853257775.png
S_PaydayLoan_NW,search image,https://2-human.github.io/credo-public-meta-ads-preview/assets/gads/7269870354561888934.png
S_PaydayLoan_NW,search image,https://2-human.github.io/credo-public-meta-ads-preview/assets/gads/6403312953620359879.jpg
S_PaydayLoan_NW,search image,https://2-human.github.io/credo-public-meta-ads-preview/assets/gads/11431283842869882663.png
S_PaydayLoan_NW,search image,https://2-human.github.io/credo-public-meta-ads-preview/assets/gads/12114998437831571336.png
S_PaydayLoan_NW,search image,https://2-human.github.io/credo-public-meta-ads-preview/assets/gads/12719130973583147061.jpg
S_PaydayLoan_NW,search image,https://2-human.github.io/credo-public-meta-ads-preview/assets/gads/871386309015282469.png
S_PaydayLoan_NW,search image,https://2-human.github.io/credo-public-meta-ads-preview/assets/gads/8718132841380230811.jpg
S_PaydayLoan_NW,search image,https://2-human.github.io/credo-public-meta-ads-preview/assets/gads/14532433661126105828.jpg
S_PaydayLoan_NW,search image,https://2-human.github.io/credo-public-meta-ads-preview/assets/gads/11388486790895971703.jpg
S_PaydayLoan_NW,search image,https://2-human.github.io/credo-public-meta-ads-preview/assets/gads/9960632707950966792.jpg
S_PaydayLoan_NW,search image,https://2-human.github.io/credo-public-meta-ads-preview/assets/gads/488056723169010161.jpg
S_PaydayLoan_NW,search image,https://2-human.github.io/credo-public-meta-ads-preview/assets/gads/17221793860727033070.jpg
S_PaydayLoan_NW,search image,https://2-human.github.io/credo-public-meta-ads-preview/assets/gads/12326775151082893620.jpg
S_PaydayLoan_NW,search image,https://2-human.github.io/credo-public-meta-ads-preview/assets/gads/8740874514523327346.jpg
S_PaydayLoan_NW,search image,https://2-human.github.io/credo-public-meta-ads-preview/assets/gads/4763342486563356181.jpg
S_PaydayLoan_NW,search image,https://2-human.github.io/credo-public-meta-ads-preview/assets/gads/95074475711051481.jpg
PMax/Harassment,landscape 1.91:1,https://2-human.github.io/credo-public-meta-ads-preview/assets/gads/4388079466311421260.jpg
PMax/Harassment,landscape 1.91:1,https://2-human.github.io/credo-public-meta-ads-preview/assets/gads/2232667615549641579.jpg
PMax/Harassment,landscape 1.91:1,https://2-human.github.io/credo-public-meta-ads-preview/assets/gads/906769791381549719.jpg
PMax/Harassment,landscape 1.91:1,https://2-human.github.io/credo-public-meta-ads-preview/assets/gads/7839317366585756640.jpg
PMax/Harassment,landscape 1.91:1,https://2-human.github.io/credo-public-meta-ads-preview/assets/gads/15838574335205574330.png
PMax/Harassment,landscape 1.91:1,https://2-human.github.io/credo-public-meta-ads-preview/assets/gads/4250663023879392861.png
PMax/Harassment,square 1:1,https://2-human.github.io/credo-public-meta-ads-preview/assets/gads/12962276670207616251.jpg
PMax/Harassment,square 1:1,https://2-human.github.io/credo-public-meta-ads-preview/assets/gads/6876093685323911673.jpg
PMax/Harassment,square 1:1,https://2-human.github.io/credo-public-meta-ads-preview/assets/gads/15864712395696854368.jpg
PMax/Harassment,square 1:1,https://2-human.github.io/credo-public-meta-ads-preview/assets/gads/15838574335205574330.png
PMax/Harassment,portrait 4:5,https://2-human.github.io/credo-public-meta-ads-preview/assets/gads/12717141593674796074.jpg
PMax/Harassment,portrait 4:5,https://2-human.github.io/credo-public-meta-ads-preview/assets/gads/14136210781228345983.jpg
PMax/Harassment,portrait 4:5,https://2-human.github.io/credo-public-meta-ads-preview/assets/gads/15838574335205574330.png
PMax/Harassment,portrait 9:16,https://2-human.github.io/credo-public-meta-ads-preview/assets/gads/15838574335205574330.png
PMax/Collection_Lawsuit,landscape 1.91:1,https://2-human.github.io/credo-public-meta-ads-preview/assets/gads/15749177018745725430.jpg
PMax/Collection_Lawsuit,landscape 1.91:1,https://2-human.github.io/credo-public-meta-ads-preview/assets/gads/2232667615549641579.jpg
PMax/Collection_Lawsuit,landscape 1.91:1,https://2-human.github.io/credo-public-meta-ads-preview/assets/gads/906769791381549719.jpg
PMax/Collection_Lawsuit,square 1:1,https://2-human.github.io/credo-public-meta-ads-preview/assets/gads/12962276670207616251.jpg
PMax/Collection_Lawsuit,square 1:1,https://2-human.github.io/credo-public-meta-ads-preview/assets/gads/6876093685323911673.jpg
