ad_set,ad,version,ratio,placement,status,file,url
AS_A1_prove-it,A1_prove-it-v3,Designer set 1,16:9,—,not used by Meta,S1_prove-it_v3_16x9.jpg,https://2-human.github.io/credo-public-meta-ads-preview/handoff/meta-competitive-v1/creatives/static/v3/S1_prove-it_v3_16x9.jpg
AS_A1_prove-it,A1_prove-it-v3,Designer set 1,1:1,"Right column, Search, Marketplace",upload,S1_prove-it_v3_1x1.jpg,https://2-human.github.io/credo-public-meta-ads-preview/handoff/meta-competitive-v1/creatives/static/v3/S1_prove-it_v3_1x1.jpg
AS_A1_prove-it,A1_prove-it-v3,Designer set 1,4:5,Feeds,upload,S1_prove-it_v3_4x5.jpg,https://2-human.github.io/credo-public-meta-ads-preview/handoff/meta-competitive-v1/creatives/static/v3/S1_prove-it_v3_4x5.jpg
AS_A1_prove-it,A1_prove-it-v3,Designer set 1,9:16,Stories/Reels,upload,S1_prove-it_v3_9x16.jpg,https://2-human.github.io/credo-public-meta-ads-preview/handoff/meta-competitive-v1/creatives/static/v3/S1_prove-it_v3_9x16.jpg
AS_A1_prove-it,A1_prove-it-light,Light style,16:9,—,not used by Meta,S1_prove-it_light_16x9.jpg,https://2-human.github.io/credo-public-meta-ads-preview/handoff/meta-competitive-v1/creatives/static/light/S1_prove-it_light_16x9.jpg
AS_A1_prove-it,A1_prove-it-light,Light style,1:1,"Right column, Search, Marketplace",upload,S1_prove-it_light_1x1.jpg,https://2-human.github.io/credo-public-meta-ads-preview/handoff/meta-competitive-v1/creatives/static/light/S1_prove-it_light_1x1.jpg
AS_A1_prove-it,A1_prove-it-light,Light style,4:5,Feeds,upload,S1_prove-it_light_4x5.jpg,https://2-human.github.io/credo-public-meta-ads-preview/handoff/meta-competitive-v1/creatives/static/light/S1_prove-it_light_4x5.jpg
AS_A1_prove-it,A1_prove-it-light,Light style,9:16,Stories/Reels,upload,S1_prove-it_light_9x16.jpg,https://2-human.github.io/credo-public-meta-ads-preview/handoff/meta-competitive-v1/creatives/static/light/S1_prove-it_light_9x16.jpg
AS_A1_prove-it,A1_prove-it-v4,Designer set 2,16:9,—,not used by Meta,S1_prove-it_v4_16x9.jpg,https://2-human.github.io/credo-public-meta-ads-preview/handoff/meta-competitive-v1/creatives/static/v4/S1_prove-it_v4_16x9.jpg
AS_A1_prove-it,A1_prove-it-v4,Designer set 2,1:1,"Right column, Search, Marketplace",upload,S1_prove-it_v4_1x1.jpg,https://2-human.github.io/credo-public-meta-ads-preview/handoff/meta-competitive-v1/creatives/static/v4/S1_prove-it_v4_1x1.jpg
AS_A1_prove-it,A1_prove-it-v4,Designer set 2,4:5,Feeds,upload,S1_prove-it_v4_4x5.jpg,https://2-human.github.io/credo-public-meta-ads-preview/handoff/meta-competitive-v1/creatives/static/v4/S1_prove-it_v4_4x5.jpg
AS_A1_prove-it,A1_prove-it-v4,Designer set 2,9:16,Stories/Reels,upload,S1_prove-it_v4_9x16.jpg,https://2-human.github.io/credo-public-meta-ads-preview/handoff/meta-competitive-v1/creatives/static/v4/S1_prove-it_v4_9x16.jpg
AS_A1_prove-it,A1_prove-it-video,Video,4:5,Feeds,upload,V1_prove-it_4x5.mp4,https://2-human.github.io/credo-public-meta-ads-preview/handoff/meta-competitive-v1/creatives/video/V1_prove-it_4x5.mp4
AS_A1_prove-it,A1_prove-it-video,Video,9:16,Stories/Reels,upload,V1_prove-it_9x16.mp4,https://2-human.github.io/credo-public-meta-ads-preview/handoff/meta-competitive-v1/creatives/video/V1_prove-it_9x16.mp4
AS_A2_is-it-yours,A2_is-it-yours-v3,Designer set 1,16:9,—,not used by Meta,S2_is-it-yours_v3_16x9.jpg,https://2-human.github.io/credo-public-meta-ads-preview/handoff/meta-competitive-v1/creatives/static/v3/S2_is-it-yours_v3_16x9.jpg
AS_A2_is-it-yours,A2_is-it-yours-v3,Designer set 1,1:1,"Right column, Search, Marketplace",upload,S2_is-it-yours_v3_1x1.jpg,https://2-human.github.io/credo-public-meta-ads-preview/handoff/meta-competitive-v1/creatives/static/v3/S2_is-it-yours_v3_1x1.jpg
AS_A2_is-it-yours,A2_is-it-yours-v3,Designer set 1,4:5,Feeds,upload,S2_is-it-yours_v3_4x5.jpg,https://2-human.github.io/credo-public-meta-ads-preview/handoff/meta-competitive-v1/creatives/static/v3/S2_is-it-yours_v3_4x5.jpg
AS_A2_is-it-yours,A2_is-it-yours-v3,Designer set 1,9:16,Stories/Reels,upload,S2_is-it-yours_v3_9x16.jpg,https://2-human.github.io/credo-public-meta-ads-preview/handoff/meta-competitive-v1/creatives/static/v3/S2_is-it-yours_v3_9x16.jpg
AS_A2_is-it-yours,A2_is-it-yours-light,Light style,16:9,—,not used by Meta,S2_is-it-yours_light_16x9.jpg,https://2-human.github.io/credo-public-meta-ads-preview/handoff/meta-competitive-v1/creatives/static/light/S2_is-it-yours_light_16x9.jpg
AS_A2_is-it-yours,A2_is-it-yours-light,Light style,1:1,"Right column, Search, Marketplace",upload,S2_is-it-yours_light_1x1.jpg,https://2-human.github.io/credo-public-meta-ads-preview/handoff/meta-competitive-v1/creatives/static/light/S2_is-it-yours_light_1x1.jpg
AS_A2_is-it-yours,A2_is-it-yours-light,Light style,4:5,Feeds,upload,S2_is-it-yours_light_4x5.jpg,https://2-human.github.io/credo-public-meta-ads-preview/handoff/meta-competitive-v1/creatives/static/light/S2_is-it-yours_light_4x5.jpg
AS_A2_is-it-yours,A2_is-it-yours-light,Light style,9:16,Stories/Reels,upload,S2_is-it-yours_light_9x16.jpg,https://2-human.github.io/credo-public-meta-ads-preview/handoff/meta-competitive-v1/creatives/static/light/S2_is-it-yours_light_9x16.jpg
AS_A2_is-it-yours,A2_is-it-yours-v4,Designer set 2,16:9,—,not used by Meta,S2_is-it-yours_v4_16x9.jpg,https://2-human.github.io/credo-public-meta-ads-preview/handoff/meta-competitive-v1/creatives/static/v4/S2_is-it-yours_v4_16x9.jpg
AS_A2_is-it-yours,A2_is-it-yours-v4,Designer set 2,1:1,"Right column, Search, Marketplace",upload,S2_is-it-yours_v4_1x1.jpg,https://2-human.github.io/credo-public-meta-ads-preview/handoff/meta-competitive-v1/creatives/static/v4/S2_is-it-yours_v4_1x1.jpg
AS_A2_is-it-yours,A2_is-it-yours-v4,Designer set 2,4:5,Feeds,upload,S2_is-it-yours_v4_4x5.jpg,https://2-human.github.io/credo-public-meta-ads-preview/handoff/meta-competitive-v1/creatives/static/v4/S2_is-it-yours_v4_4x5.jpg
AS_A2_is-it-yours,A2_is-it-yours-v4,Designer set 2,9:16,Stories/Reels,upload,S2_is-it-yours_v4_9x16.jpg,https://2-human.github.io/credo-public-meta-ads-preview/handoff/meta-competitive-v1/creatives/static/v4/S2_is-it-yours_v4_9x16.jpg
AS_A2_is-it-yours,A2_is-it-yours-video,Video,4:5,Feeds,upload,V2_is-it-yours_4x5.mp4,https://2-human.github.io/credo-public-meta-ads-preview/handoff/meta-competitive-v1/creatives/video/V2_is-it-yours_4x5.mp4
AS_A2_is-it-yours,A2_is-it-yours-video,Video,9:16,Stories/Reels,upload,V2_is-it-yours_9x16.mp4,https://2-human.github.io/credo-public-meta-ads-preview/handoff/meta-competitive-v1/creatives/video/V2_is-it-yours_9x16.mp4
AS_A3_three-things,A3_three-things-v3,Designer set 1,16:9,—,not used by Meta,S4_quiz_v3_16x9.jpg,https://2-human.github.io/credo-public-meta-ads-preview/handoff/meta-competitive-v1/creatives/static/v3/S4_quiz_v3_16x9.jpg
AS_A3_three-things,A3_three-things-v3,Designer set 1,1:1,"Right column, Search, Marketplace",upload,S4_quiz_v3_1x1.jpg,https://2-human.github.io/credo-public-meta-ads-preview/handoff/meta-competitive-v1/creatives/static/v3/S4_quiz_v3_1x1.jpg
AS_A3_three-things,A3_three-things-v3,Designer set 1,4:5,Feeds,upload,S4_quiz_v3_4x5.jpg,https://2-human.github.io/credo-public-meta-ads-preview/handoff/meta-competitive-v1/creatives/static/v3/S4_quiz_v3_4x5.jpg
AS_A3_three-things,A3_three-things-v3,Designer set 1,9:16,Stories/Reels,upload,S4_quiz_v3_9x16.jpg,https://2-human.github.io/credo-public-meta-ads-preview/handoff/meta-competitive-v1/creatives/static/v3/S4_quiz_v3_9x16.jpg
AS_A3_three-things,A3_three-things-light,Light style,16:9,—,not used by Meta,S4_quiz_light_16x9.jpg,https://2-human.github.io/credo-public-meta-ads-preview/handoff/meta-competitive-v1/creatives/static/light/S4_quiz_light_16x9.jpg
AS_A3_three-things,A3_three-things-light,Light style,1:1,"Right column, Search, Marketplace",upload,S4_quiz_light_1x1.jpg,https://2-human.github.io/credo-public-meta-ads-preview/handoff/meta-competitive-v1/creatives/static/light/S4_quiz_light_1x1.jpg
AS_A3_three-things,A3_three-things-light,Light style,4:5,Feeds,upload,S4_quiz_light_4x5.jpg,https://2-human.github.io/credo-public-meta-ads-preview/handoff/meta-competitive-v1/creatives/static/light/S4_quiz_light_4x5.jpg
AS_A3_three-things,A3_three-things-light,Light style,9:16,Stories/Reels,upload,S4_quiz_light_9x16.jpg,https://2-human.github.io/credo-public-meta-ads-preview/handoff/meta-competitive-v1/creatives/static/light/S4_quiz_light_9x16.jpg
AS_A3_three-things,A3_three-things-v4,Designer set 2,16:9,—,not used by Meta,S4_quiz_v4_16x9.jpg,https://2-human.github.io/credo-public-meta-ads-preview/handoff/meta-competitive-v1/creatives/static/v4/S4_quiz_v4_16x9.jpg
AS_A3_three-things,A3_three-things-v4,Designer set 2,1:1,"Right column, Search, Marketplace",upload,S4_quiz_v4_1x1.jpg,https://2-human.github.io/credo-public-meta-ads-preview/handoff/meta-competitive-v1/creatives/static/v4/S4_quiz_v4_1x1.jpg
AS_A3_three-things,A3_three-things-v4,Designer set 2,4:5,Feeds,upload,S4_quiz_v4_4x5.jpg,https://2-human.github.io/credo-public-meta-ads-preview/handoff/meta-competitive-v1/creatives/static/v4/S4_quiz_v4_4x5.jpg
AS_A3_three-things,A3_three-things-v4,Designer set 2,9:16,Stories/Reels,upload,S4_quiz_v4_9x16.jpg,https://2-human.github.io/credo-public-meta-ads-preview/handoff/meta-competitive-v1/creatives/static/v4/S4_quiz_v4_9x16.jpg
AS_A3_three-things,A3_three-things-video,Video,4:5,Feeds,upload,V3_do-they-own-it_4x5.mp4,https://2-human.github.io/credo-public-meta-ads-preview/handoff/meta-competitive-v1/creatives/video/V3_do-they-own-it_4x5.mp4
AS_A3_three-things,A3_three-things-video,Video,9:16,Stories/Reels,upload,V3_do-they-own-it_9x16.mp4,https://2-human.github.io/credo-public-meta-ads-preview/handoff/meta-competitive-v1/creatives/video/V3_do-they-own-it_9x16.mp4
AS_A4_before-after,A4_before-after-v3,Designer set 1,16:9,—,not used by Meta,S3_before-after_v3_16x9.jpg,https://2-human.github.io/credo-public-meta-ads-preview/handoff/meta-competitive-v1/creatives/static/v3/S3_before-after_v3_16x9.jpg
AS_A4_before-after,A4_before-after-v3,Designer set 1,1:1,"Right column, Search, Marketplace",upload,S3_before-after_v3_1x1.jpg,https://2-human.github.io/credo-public-meta-ads-preview/handoff/meta-competitive-v1/creatives/static/v3/S3_before-after_v3_1x1.jpg
AS_A4_before-after,A4_before-after-v3,Designer set 1,4:5,Feeds,upload,S3_before-after_v3_4x5.jpg,https://2-human.github.io/credo-public-meta-ads-preview/handoff/meta-competitive-v1/creatives/static/v3/S3_before-after_v3_4x5.jpg
AS_A4_before-after,A4_before-after-v3,Designer set 1,9:16,Stories/Reels,upload,S3_before-after_v3_9x16.jpg,https://2-human.github.io/credo-public-meta-ads-preview/handoff/meta-competitive-v1/creatives/static/v3/S3_before-after_v3_9x16.jpg
AS_A4_before-after,A4_before-after-light,Light style,16:9,—,not used by Meta,S3_before-after_light_16x9.jpg,https://2-human.github.io/credo-public-meta-ads-preview/handoff/meta-competitive-v1/creatives/static/light/S3_before-after_light_16x9.jpg
AS_A4_before-after,A4_before-after-light,Light style,1:1,"Right column, Search, Marketplace",upload,S3_before-after_light_1x1.jpg,https://2-human.github.io/credo-public-meta-ads-preview/handoff/meta-competitive-v1/creatives/static/light/S3_before-after_light_1x1.jpg
AS_A4_before-after,A4_before-after-light,Light style,4:5,Feeds,upload,S3_before-after_light_4x5.jpg,https://2-human.github.io/credo-public-meta-ads-preview/handoff/meta-competitive-v1/creatives/static/light/S3_before-after_light_4x5.jpg
AS_A4_before-after,A4_before-after-light,Light style,9:16,Stories/Reels,upload,S3_before-after_light_9x16.jpg,https://2-human.github.io/credo-public-meta-ads-preview/handoff/meta-competitive-v1/creatives/static/light/S3_before-after_light_9x16.jpg
AS_A4_before-after,A4_before-after-v4,Designer set 2,16:9,—,not used by Meta,S3_before-after_v4_16x9.jpg,https://2-human.github.io/credo-public-meta-ads-preview/handoff/meta-competitive-v1/creatives/static/v4/S3_before-after_v4_16x9.jpg
AS_A4_before-after,A4_before-after-v4,Designer set 2,1:1,"Right column, Search, Marketplace",upload,S3_before-after_v4_1x1.jpg,https://2-human.github.io/credo-public-meta-ads-preview/handoff/meta-competitive-v1/creatives/static/v4/S3_before-after_v4_1x1.jpg
AS_A4_before-after,A4_before-after-v4,Designer set 2,4:5,Feeds,upload,S3_before-after_v4_4x5.jpg,https://2-human.github.io/credo-public-meta-ads-preview/handoff/meta-competitive-v1/creatives/static/v4/S3_before-after_v4_4x5.jpg
AS_A4_before-after,A4_before-after-v4,Designer set 2,9:16,Stories/Reels,upload,S3_before-after_v4_9x16.jpg,https://2-human.github.io/credo-public-meta-ads-preview/handoff/meta-competitive-v1/creatives/static/v4/S3_before-after_v4_9x16.jpg
AS_A4_before-after,A4_before-after-video,Video,4:5,Feeds,upload,V6_the-calls_4x5.mp4,https://2-human.github.io/credo-public-meta-ads-preview/handoff/meta-competitive-v1/creatives/video/V6_the-calls_4x5.mp4
AS_A4_before-after,A4_before-after-video,Video,9:16,Stories/Reels,upload,V6_the-calls_9x16.mp4,https://2-human.github.io/credo-public-meta-ads-preview/handoff/meta-competitive-v1/creatives/video/V6_the-calls_9x16.mp4
AS_A5_medical,A5_medical-v3,Designer set 1,16:9,—,not used by Meta,S5_medical_v3_16x9.jpg,https://2-human.github.io/credo-public-meta-ads-preview/handoff/meta-competitive-v1/creatives/static/v3/S5_medical_v3_16x9.jpg
AS_A5_medical,A5_medical-v3,Designer set 1,1:1,"Right column, Search, Marketplace",upload,S5_medical_v3_1x1.jpg,https://2-human.github.io/credo-public-meta-ads-preview/handoff/meta-competitive-v1/creatives/static/v3/S5_medical_v3_1x1.jpg
AS_A5_medical,A5_medical-v3,Designer set 1,4:5,Feeds,upload,S5_medical_v3_4x5.jpg,https://2-human.github.io/credo-public-meta-ads-preview/handoff/meta-competitive-v1/creatives/static/v3/S5_medical_v3_4x5.jpg
AS_A5_medical,A5_medical-v3,Designer set 1,9:16,Stories/Reels,upload,S5_medical_v3_9x16.jpg,https://2-human.github.io/credo-public-meta-ads-preview/handoff/meta-competitive-v1/creatives/static/v3/S5_medical_v3_9x16.jpg
AS_A5_medical,A5_medical-light,Light style,16:9,—,not used by Meta,S5_medical_light_16x9.jpg,https://2-human.github.io/credo-public-meta-ads-preview/handoff/meta-competitive-v1/creatives/static/light/S5_medical_light_16x9.jpg
AS_A5_medical,A5_medical-light,Light style,1:1,"Right column, Search, Marketplace",upload,S5_medical_light_1x1.jpg,https://2-human.github.io/credo-public-meta-ads-preview/handoff/meta-competitive-v1/creatives/static/light/S5_medical_light_1x1.jpg
AS_A5_medical,A5_medical-light,Light style,4:5,Feeds,upload,S5_medical_light_4x5.jpg,https://2-human.github.io/credo-public-meta-ads-preview/handoff/meta-competitive-v1/creatives/static/light/S5_medical_light_4x5.jpg
AS_A5_medical,A5_medical-light,Light style,9:16,Stories/Reels,upload,S5_medical_light_9x16.jpg,https://2-human.github.io/credo-public-meta-ads-preview/handoff/meta-competitive-v1/creatives/static/light/S5_medical_light_9x16.jpg
AS_A5_medical,A5_medical-v4,Designer set 2,16:9,—,not used by Meta,S5_medical_v4_16x9.jpg,https://2-human.github.io/credo-public-meta-ads-preview/handoff/meta-competitive-v1/creatives/static/v4/S5_medical_v4_16x9.jpg
AS_A5_medical,A5_medical-v4,Designer set 2,1:1,"Right column, Search, Marketplace",upload,S5_medical_v4_1x1.jpg,https://2-human.github.io/credo-public-meta-ads-preview/handoff/meta-competitive-v1/creatives/static/v4/S5_medical_v4_1x1.jpg
AS_A5_medical,A5_medical-v4,Designer set 2,4:5,Feeds,upload,S5_medical_v4_4x5.jpg,https://2-human.github.io/credo-public-meta-ads-preview/handoff/meta-competitive-v1/creatives/static/v4/S5_medical_v4_4x5.jpg
AS_A5_medical,A5_medical-v4,Designer set 2,9:16,Stories/Reels,upload,S5_medical_v4_9x16.jpg,https://2-human.github.io/credo-public-meta-ads-preview/handoff/meta-competitive-v1/creatives/static/v4/S5_medical_v4_9x16.jpg
AS_A5_medical,A5_medical-video,Video,4:5,Feeds,upload,V5_medical_4x5.mp4,https://2-human.github.io/credo-public-meta-ads-preview/handoff/meta-competitive-v1/creatives/video/V5_medical_4x5.mp4
AS_A5_medical,A5_medical-video,Video,9:16,Stories/Reels,upload,V5_medical_9x16.mp4,https://2-human.github.io/credo-public-meta-ads-preview/handoff/meta-competitive-v1/creatives/video/V5_medical_9x16.mp4
AS_A6_in-writing,A6_in-writing-v3,Designer set 1,16:9,—,not used by Meta,S6_in-writing_v3_16x9.jpg,https://2-human.github.io/credo-public-meta-ads-preview/handoff/meta-competitive-v1/creatives/static/v3/S6_in-writing_v3_16x9.jpg
AS_A6_in-writing,A6_in-writing-v3,Designer set 1,1:1,"Right column, Search, Marketplace",upload,S6_in-writing_v3_1x1.jpg,https://2-human.github.io/credo-public-meta-ads-preview/handoff/meta-competitive-v1/creatives/static/v3/S6_in-writing_v3_1x1.jpg
AS_A6_in-writing,A6_in-writing-v3,Designer set 1,4:5,Feeds,upload,S6_in-writing_v3_4x5.jpg,https://2-human.github.io/credo-public-meta-ads-preview/handoff/meta-competitive-v1/creatives/static/v3/S6_in-writing_v3_4x5.jpg
AS_A6_in-writing,A6_in-writing-v3,Designer set 1,9:16,Stories/Reels,upload,S6_in-writing_v3_9x16.jpg,https://2-human.github.io/credo-public-meta-ads-preview/handoff/meta-competitive-v1/creatives/static/v3/S6_in-writing_v3_9x16.jpg
AS_A6_in-writing,A6_in-writing-light,Light style,16:9,—,not used by Meta,S6_in-writing_light_16x9.jpg,https://2-human.github.io/credo-public-meta-ads-preview/handoff/meta-competitive-v1/creatives/static/light/S6_in-writing_light_16x9.jpg
AS_A6_in-writing,A6_in-writing-light,Light style,1:1,"Right column, Search, Marketplace",upload,S6_in-writing_light_1x1.jpg,https://2-human.github.io/credo-public-meta-ads-preview/handoff/meta-competitive-v1/creatives/static/light/S6_in-writing_light_1x1.jpg
AS_A6_in-writing,A6_in-writing-light,Light style,4:5,Feeds,upload,S6_in-writing_light_4x5.jpg,https://2-human.github.io/credo-public-meta-ads-preview/handoff/meta-competitive-v1/creatives/static/light/S6_in-writing_light_4x5.jpg
AS_A6_in-writing,A6_in-writing-light,Light style,9:16,Stories/Reels,upload,S6_in-writing_light_9x16.jpg,https://2-human.github.io/credo-public-meta-ads-preview/handoff/meta-competitive-v1/creatives/static/light/S6_in-writing_light_9x16.jpg
AS_A6_in-writing,A6_in-writing-v4,Designer set 2,16:9,—,not used by Meta,S6_in-writing_v4_16x9.jpg,https://2-human.github.io/credo-public-meta-ads-preview/handoff/meta-competitive-v1/creatives/static/v4/S6_in-writing_v4_16x9.jpg
AS_A6_in-writing,A6_in-writing-v4,Designer set 2,1:1,"Right column, Search, Marketplace",upload,S6_in-writing_v4_1x1.jpg,https://2-human.github.io/credo-public-meta-ads-preview/handoff/meta-competitive-v1/creatives/static/v4/S6_in-writing_v4_1x1.jpg
AS_A6_in-writing,A6_in-writing-v4,Designer set 2,4:5,Feeds,upload,S6_in-writing_v4_4x5.jpg,https://2-human.github.io/credo-public-meta-ads-preview/handoff/meta-competitive-v1/creatives/static/v4/S6_in-writing_v4_4x5.jpg
AS_A6_in-writing,A6_in-writing-v4,Designer set 2,9:16,Stories/Reels,upload,S6_in-writing_v4_9x16.jpg,https://2-human.github.io/credo-public-meta-ads-preview/handoff/meta-competitive-v1/creatives/static/v4/S6_in-writing_v4_9x16.jpg
AS_A6_in-writing,A6_in-writing-video,Video,4:5,Feeds,upload,V4_in-writing_4x5.mp4,https://2-human.github.io/credo-public-meta-ads-preview/handoff/meta-competitive-v1/creatives/video/V4_in-writing_4x5.mp4
AS_A6_in-writing,A6_in-writing-video,Video,9:16,Stories/Reels,upload,V4_in-writing_9x16.mp4,https://2-human.github.io/credo-public-meta-ads-preview/handoff/meta-competitive-v1/creatives/video/V4_in-writing_9x16.mp4
AS_DD_CC_Lawsuit,DD_CC_Lawsuit-illustration,Illustration,1.91:1,—,not used by Meta,CC_Lawsuit_D1_Illustration_1_91x1.png,https://2-human.github.io/credo-public-meta-ads-preview/assets/credit-card/v3-pilot/CC_Lawsuit_D1_Illustration_1_91x1.png
AS_DD_CC_Lawsuit,DD_CC_Lawsuit-illustration,Illustration,1:1,"Right column, Search, Marketplace",upload,CC_Lawsuit_D1_Illustration_1x1.png,https://2-human.github.io/credo-public-meta-ads-preview/assets/credit-card/v3-pilot/CC_Lawsuit_D1_Illustration_1x1.png
AS_DD_CC_Lawsuit,DD_CC_Lawsuit-illustration,Illustration,4:5,Feeds,upload,CC_Lawsuit_D1_Illustration_4x5.jpeg,https://2-human.github.io/credo-public-meta-ads-preview/assets/credit-card/v3-pilot/CC_Lawsuit_D1_Illustration_4x5.jpeg
AS_DD_CC_Lawsuit,DD_CC_Lawsuit-illustration,Illustration,9:16,Stories/Reels,upload,CC_Lawsuit_illustration_9x16.png,https://2-human.github.io/credo-public-meta-ads-preview/handoff/baked-9x16/CC_Lawsuit/CC_Lawsuit_illustration_9x16.png
AS_DD_CC_Lawsuit,DD_CC_Lawsuit-photo,Photo,1.91:1,—,not used by Meta,CC_Lawsuit_D2_Photo_1_91x1.png,https://2-human.github.io/credo-public-meta-ads-preview/assets/credit-card/v3-pilot/CC_Lawsuit_D2_Photo_1_91x1.png
AS_DD_CC_Lawsuit,DD_CC_Lawsuit-photo,Photo,1:1,"Right column, Search, Marketplace",upload,CC_Lawsuit_D2_Photo_1x1.png,https://2-human.github.io/credo-public-meta-ads-preview/assets/credit-card/v3-pilot/CC_Lawsuit_D2_Photo_1x1.png
AS_DD_CC_Lawsuit,DD_CC_Lawsuit-photo,Photo,4:5,Feeds,upload,CC_Lawsuit_D2_Photo_4x5.jpeg,https://2-human.github.io/credo-public-meta-ads-preview/assets/credit-card/v3-pilot/CC_Lawsuit_D2_Photo_4x5.jpeg
AS_DD_CC_Lawsuit,DD_CC_Lawsuit-photo,Photo,9:16,Stories/Reels,upload,CC_Lawsuit_photo_9x16.png,https://2-human.github.io/credo-public-meta-ads-preview/handoff/baked-9x16/CC_Lawsuit/CC_Lawsuit_photo_9x16.png
AS_DD_CC_Lawsuit,DD_CC_Lawsuit-stilllife,Still life,1.91:1,—,not used by Meta,CC_Lawsuit_D3_StillLife_1_91x1.png,https://2-human.github.io/credo-public-meta-ads-preview/assets/credit-card/v3-pilot/CC_Lawsuit_D3_StillLife_1_91x1.png
AS_DD_CC_Lawsuit,DD_CC_Lawsuit-stilllife,Still life,1:1,"Right column, Search, Marketplace",upload,CC_Lawsuit_D3_StillLife_1x1.png,https://2-human.github.io/credo-public-meta-ads-preview/assets/credit-card/v3-pilot/CC_Lawsuit_D3_StillLife_1x1.png
AS_DD_CC_Lawsuit,DD_CC_Lawsuit-stilllife,Still life,4:5,Feeds,upload,CC_Lawsuit_D3_StillLife_4x5.jpeg,https://2-human.github.io/credo-public-meta-ads-preview/assets/credit-card/v3-pilot/CC_Lawsuit_D3_StillLife_4x5.jpeg
AS_DD_CC_Lawsuit,DD_CC_Lawsuit-stilllife,Still life,9:16,Stories/Reels,upload,CC_Lawsuit_stilllife_9x16.png,https://2-human.github.io/credo-public-meta-ads-preview/handoff/baked-9x16/CC_Lawsuit/CC_Lawsuit_stilllife_9x16.png
AS_DD_CC_Lawsuit,DD_CC_Lawsuit-video,Video,9:16,Stories/Reels + Feeds,upload,CC_Lawsuit_D4_Video_9x16.mp4,https://2-human.github.io/credo-public-meta-ads-preview/assets/credit-card/v3-pilot/CC_Lawsuit_D4_Video_9x16.mp4
AS_DD_CC_Harassment,DD_CC_Harassment-illustration,Illustration,1.91:1,—,not used by Meta,CC_Harassment_D1_Illustration_1_91x1.png,https://2-human.github.io/credo-public-meta-ads-preview/assets/credit-card/v3-pilot/CC_Harassment_D1_Illustration_1_91x1.png
AS_DD_CC_Harassment,DD_CC_Harassment-illustration,Illustration,1:1,"Right column, Search, Marketplace",upload,CC_Harassment_D1_Illustration_1x1.png,https://2-human.github.io/credo-public-meta-ads-preview/assets/credit-card/v3-pilot/CC_Harassment_D1_Illustration_1x1.png
AS_DD_CC_Harassment,DD_CC_Harassment-illustration,Illustration,4:5,Feeds,upload,CC_Harassment_D1_Illustration_4x5.jpeg,https://2-human.github.io/credo-public-meta-ads-preview/assets/credit-card/v3-pilot/CC_Harassment_D1_Illustration_4x5.jpeg
AS_DD_CC_Harassment,DD_CC_Harassment-illustration,Illustration,9:16,Stories/Reels,upload,CC_Harassment_illustration_9x16.png,https://2-human.github.io/credo-public-meta-ads-preview/handoff/baked-9x16/CC_Harassment/CC_Harassment_illustration_9x16.png
AS_DD_CC_Harassment,DD_CC_Harassment-photo,Photo,1.91:1,—,not used by Meta,CC_Harassment_D2_Photo_1_91x1.png,https://2-human.github.io/credo-public-meta-ads-preview/assets/credit-card/v3-pilot/CC_Harassment_D2_Photo_1_91x1.png
AS_DD_CC_Harassment,DD_CC_Harassment-photo,Photo,1:1,"Right column, Search, Marketplace",upload,CC_Harassment_D2_Photo_1x1.png,https://2-human.github.io/credo-public-meta-ads-preview/assets/credit-card/v3-pilot/CC_Harassment_D2_Photo_1x1.png
AS_DD_CC_Harassment,DD_CC_Harassment-photo,Photo,4:5,Feeds,upload,CC_Harassment_D2_Photo_4x5.jpeg,https://2-human.github.io/credo-public-meta-ads-preview/assets/credit-card/v3-pilot/CC_Harassment_D2_Photo_4x5.jpeg
AS_DD_CC_Harassment,DD_CC_Harassment-photo,Photo,9:16,Stories/Reels,upload,CC_Harassment_photo_9x16.png,https://2-human.github.io/credo-public-meta-ads-preview/handoff/baked-9x16/CC_Harassment/CC_Harassment_photo_9x16.png
AS_DD_CC_Harassment,DD_CC_Harassment-stilllife,Still life,1.91:1,—,not used by Meta,CC_Harassment_D3_StillLife_1_91x1.png,https://2-human.github.io/credo-public-meta-ads-preview/assets/credit-card/v3-pilot/CC_Harassment_D3_StillLife_1_91x1.png
AS_DD_CC_Harassment,DD_CC_Harassment-stilllife,Still life,1:1,"Right column, Search, Marketplace",upload,CC_Harassment_D3_StillLife_1x1.png,https://2-human.github.io/credo-public-meta-ads-preview/assets/credit-card/v3-pilot/CC_Harassment_D3_StillLife_1x1.png
AS_DD_CC_Harassment,DD_CC_Harassment-stilllife,Still life,4:5,Feeds,upload,CC_Harassment_D3_StillLife_4x5.jpeg,https://2-human.github.io/credo-public-meta-ads-preview/assets/credit-card/v3-pilot/CC_Harassment_D3_StillLife_4x5.jpeg
AS_DD_CC_Harassment,DD_CC_Harassment-stilllife,Still life,9:16,Stories/Reels,upload,CC_Harassment_stilllife_9x16.png,https://2-human.github.io/credo-public-meta-ads-preview/handoff/baked-9x16/CC_Harassment/CC_Harassment_stilllife_9x16.png
AS_DD_CC_Harassment,DD_CC_Harassment-video,Video,9:16,Stories/Reels + Feeds,upload,CC_Harassment_D4_Video_9x16.mp4,https://2-human.github.io/credo-public-meta-ads-preview/assets/credit-card/v3-pilot/CC_Harassment_D4_Video_9x16.mp4
AS_DD_CC_Harassment,DD_CC_Harassment-bold,Bold,1.91:1,—,not used by Meta,bake-stop-m-1_91x1.jpeg,https://2-human.github.io/credo-public-meta-ads-preview/assets/bold/bake-stop-m-1_91x1.jpeg
AS_DD_CC_Harassment,DD_CC_Harassment-bold,Bold,1:1,"Right column, Search, Marketplace",upload,bake-stop-m-1x1.jpeg,https://2-human.github.io/credo-public-meta-ads-preview/assets/bold/bake-stop-m-1x1.jpeg
AS_DD_CC_Harassment,DD_CC_Harassment-bold,Bold,4:5,Feeds,upload,bake-stop-m-4x5.jpeg,https://2-human.github.io/credo-public-meta-ads-preview/assets/bold/bake-stop-m-4x5.jpeg
AS_DD_CC_Harassment,DD_CC_Harassment-bold,Bold,9:16,Stories/Reels,upload,bake-stop-m-9x16.jpeg,https://2-human.github.io/credo-public-meta-ads-preview/assets/bold/bake-stop-m-9x16.jpeg
AS_DD_CC_Negotiation,DD_CC_Negotiation-illustration,Illustration,1.91:1,—,not used by Meta,CC_Negotiation_D1_Illustration_1_91x1.png,https://2-human.github.io/credo-public-meta-ads-preview/assets/credit-card/v3-pilot/CC_Negotiation_D1_Illustration_1_91x1.png
AS_DD_CC_Negotiation,DD_CC_Negotiation-illustration,Illustration,1:1,"Right column, Search, Marketplace",upload,CC_Negotiation_D1_Illustration_1x1.png,https://2-human.github.io/credo-public-meta-ads-preview/assets/credit-card/v3-pilot/CC_Negotiation_D1_Illustration_1x1.png
AS_DD_CC_Negotiation,DD_CC_Negotiation-illustration,Illustration,4:5,Feeds,upload,CC_Negotiation_D1_Illustration_4x5.png,https://2-human.github.io/credo-public-meta-ads-preview/assets/credit-card/v3-pilot/CC_Negotiation_D1_Illustration_4x5.png
AS_DD_CC_Negotiation,DD_CC_Negotiation-illustration,Illustration,9:16,Stories/Reels,upload,CC_Negotiation_illustration_9x16.png,https://2-human.github.io/credo-public-meta-ads-preview/handoff/baked-9x16/CC_Negotiation/CC_Negotiation_illustration_9x16.png
AS_DD_CC_Negotiation,DD_CC_Negotiation-photo,Photo,1.91:1,—,not used by Meta,CC_Negotiation_D2_Photo_1_91x1.png,https://2-human.github.io/credo-public-meta-ads-preview/assets/credit-card/v3-pilot/CC_Negotiation_D2_Photo_1_91x1.png
AS_DD_CC_Negotiation,DD_CC_Negotiation-photo,Photo,1:1,"Right column, Search, Marketplace",upload,CC_Negotiation_D2_Photo_1x1.png,https://2-human.github.io/credo-public-meta-ads-preview/assets/credit-card/v3-pilot/CC_Negotiation_D2_Photo_1x1.png
AS_DD_CC_Negotiation,DD_CC_Negotiation-photo,Photo,4:5,Feeds,upload,CC_Negotiation_D2_Photo_4x5.png,https://2-human.github.io/credo-public-meta-ads-preview/assets/credit-card/v3-pilot/CC_Negotiation_D2_Photo_4x5.png
AS_DD_CC_Negotiation,DD_CC_Negotiation-photo,Photo,9:16,Stories/Reels,upload,CC_Negotiation_photo_9x16.png,https://2-human.github.io/credo-public-meta-ads-preview/handoff/baked-9x16/CC_Negotiation/CC_Negotiation_photo_9x16.png
AS_DD_CC_Negotiation,DD_CC_Negotiation-stilllife,Still life,1.91:1,—,not used by Meta,CC_Negotiation_D3_StillLife_1_91x1.png,https://2-human.github.io/credo-public-meta-ads-preview/assets/credit-card/v3-pilot/CC_Negotiation_D3_StillLife_1_91x1.png
AS_DD_CC_Negotiation,DD_CC_Negotiation-stilllife,Still life,1:1,"Right column, Search, Marketplace",upload,CC_Negotiation_D3_StillLife_1x1.png,https://2-human.github.io/credo-public-meta-ads-preview/assets/credit-card/v3-pilot/CC_Negotiation_D3_StillLife_1x1.png
AS_DD_CC_Negotiation,DD_CC_Negotiation-stilllife,Still life,4:5,Feeds,upload,CC_Negotiation_D3_StillLife_4x5.png,https://2-human.github.io/credo-public-meta-ads-preview/assets/credit-card/v3-pilot/CC_Negotiation_D3_StillLife_4x5.png
AS_DD_CC_Negotiation,DD_CC_Negotiation-stilllife,Still life,9:16,Stories/Reels,upload,CC_Negotiation_stilllife_9x16.png,https://2-human.github.io/credo-public-meta-ads-preview/handoff/baked-9x16/CC_Negotiation/CC_Negotiation_stilllife_9x16.png
AS_DD_CC_Negotiation,DD_CC_Negotiation-video,Video,9:16,Stories/Reels + Feeds,upload,CC_Negotiation_D4_Video_9x16.mp4,https://2-human.github.io/credo-public-meta-ads-preview/assets/credit-card/v3-pilot/CC_Negotiation_D4_Video_9x16.mp4
AS_DD_CC_Negotiation,DD_CC_Negotiation-bold,Bold,1.91:1,—,not used by Meta,bake-pinch-m-1_91x1.jpeg,https://2-human.github.io/credo-public-meta-ads-preview/assets/bold/bake-pinch-m-1_91x1.jpeg
AS_DD_CC_Negotiation,DD_CC_Negotiation-bold,Bold,1:1,"Right column, Search, Marketplace",upload,bake-pinch-m-1x1.jpeg,https://2-human.github.io/credo-public-meta-ads-preview/assets/bold/bake-pinch-m-1x1.jpeg
AS_DD_CC_Negotiation,DD_CC_Negotiation-bold,Bold,4:5,Feeds,upload,bake-pinch-m-4x5.jpeg,https://2-human.github.io/credo-public-meta-ads-preview/assets/bold/bake-pinch-m-4x5.jpeg
AS_DD_CC_Negotiation,DD_CC_Negotiation-bold,Bold,9:16,Stories/Reels,upload,bake-pinch-m-9x16.jpeg,https://2-human.github.io/credo-public-meta-ads-preview/assets/bold/bake-pinch-m-9x16.jpeg
AS_DD_Collection_Lawsuit,DD_Collection_Lawsuit-illustration,Illustration,1.91:1,—,not used by Meta,Collection_Lawsuit_D1_Illustration_1_91x1.png,https://2-human.github.io/credo-public-meta-ads-preview/assets/lawsuit/v3-pilot/Collection_Lawsuit_D1_Illustration_1_91x1.png
AS_DD_Collection_Lawsuit,DD_Collection_Lawsuit-illustration,Illustration,1:1,"Right column, Search, Marketplace",upload,Collection_Lawsuit_D1_Illustration_1x1.png,https://2-human.github.io/credo-public-meta-ads-preview/assets/lawsuit/v3-pilot/Collection_Lawsuit_D1_Illustration_1x1.png
AS_DD_Collection_Lawsuit,DD_Collection_Lawsuit-illustration,Illustration,4:5,Feeds,upload,Collection_Lawsuit_D1_Illustration_4x5.png,https://2-human.github.io/credo-public-meta-ads-preview/assets/lawsuit/v3-pilot/Collection_Lawsuit_D1_Illustration_4x5.png
AS_DD_Collection_Lawsuit,DD_Collection_Lawsuit-illustration,Illustration,9:16,Stories/Reels,upload,Collection_Lawsuit_illustration_9x16.png,https://2-human.github.io/credo-public-meta-ads-preview/handoff/baked-9x16/Collection_Lawsuit/Collection_Lawsuit_illustration_9x16.png
AS_DD_Collection_Lawsuit,DD_Collection_Lawsuit-photo,Photo,1.91:1,—,not used by Meta,Collection_Lawsuit_D2_Photo_1_91x1.png,https://2-human.github.io/credo-public-meta-ads-preview/assets/lawsuit/v3-pilot/Collection_Lawsuit_D2_Photo_1_91x1.png
AS_DD_Collection_Lawsuit,DD_Collection_Lawsuit-photo,Photo,1:1,"Right column, Search, Marketplace",upload,Collection_Lawsuit_D2_Photo_1x1.png,https://2-human.github.io/credo-public-meta-ads-preview/assets/lawsuit/v3-pilot/Collection_Lawsuit_D2_Photo_1x1.png
AS_DD_Collection_Lawsuit,DD_Collection_Lawsuit-photo,Photo,4:5,Feeds,upload,Collection_Lawsuit_D2_Photo_4x5.png,https://2-human.github.io/credo-public-meta-ads-preview/assets/lawsuit/v3-pilot/Collection_Lawsuit_D2_Photo_4x5.png
AS_DD_Collection_Lawsuit,DD_Collection_Lawsuit-photo,Photo,9:16,Stories/Reels,upload,Collection_Lawsuit_photo_9x16.png,https://2-human.github.io/credo-public-meta-ads-preview/handoff/baked-9x16/Collection_Lawsuit/Collection_Lawsuit_photo_9x16.png
AS_DD_Collection_Lawsuit,DD_Collection_Lawsuit-stilllife,Still life,1.91:1,—,not used by Meta,Collection_Lawsuit_D3_StillLife_1_91x1.png,https://2-human.github.io/credo-public-meta-ads-preview/assets/lawsuit/v3-pilot/Collection_Lawsuit_D3_StillLife_1_91x1.png
AS_DD_Collection_Lawsuit,DD_Collection_Lawsuit-stilllife,Still life,1:1,"Right column, Search, Marketplace",upload,Collection_Lawsuit_D3_StillLife_1x1.png,https://2-human.github.io/credo-public-meta-ads-preview/assets/lawsuit/v3-pilot/Collection_Lawsuit_D3_StillLife_1x1.png
AS_DD_Collection_Lawsuit,DD_Collection_Lawsuit-stilllife,Still life,4:5,Feeds,upload,Collection_Lawsuit_D3_StillLife_4x5.png,https://2-human.github.io/credo-public-meta-ads-preview/assets/lawsuit/v3-pilot/Collection_Lawsuit_D3_StillLife_4x5.png
AS_DD_Collection_Lawsuit,DD_Collection_Lawsuit-stilllife,Still life,9:16,Stories/Reels,upload,Collection_Lawsuit_stilllife_9x16.png,https://2-human.github.io/credo-public-meta-ads-preview/handoff/baked-9x16/Collection_Lawsuit/Collection_Lawsuit_stilllife_9x16.png
AS_DD_Collection_Lawsuit,DD_Collection_Lawsuit-video,Video,9:16,Stories/Reels + Feeds,upload,Collection_Lawsuit_D4_Video_9x16.mp4,https://2-human.github.io/credo-public-meta-ads-preview/assets/lawsuit/v3-pilot/Collection_Lawsuit_D4_Video_9x16.mp4
AS_DD_Creditor_Suing,DD_Creditor_Suing-illustration,Illustration,1.91:1,—,not used by Meta,Creditor_Suing_D1_Illustration_1_91x1.png,https://2-human.github.io/credo-public-meta-ads-preview/assets/lawsuit/v3-pilot/Creditor_Suing_D1_Illustration_1_91x1.png
AS_DD_Creditor_Suing,DD_Creditor_Suing-illustration,Illustration,1:1,"Right column, Search, Marketplace",upload,Creditor_Suing_D1_Illustration_1x1.png,https://2-human.github.io/credo-public-meta-ads-preview/assets/lawsuit/v3-pilot/Creditor_Suing_D1_Illustration_1x1.png
AS_DD_Creditor_Suing,DD_Creditor_Suing-illustration,Illustration,4:5,Feeds,upload,Creditor_Suing_D1_Illustration_4x5.png,https://2-human.github.io/credo-public-meta-ads-preview/assets/lawsuit/v3-pilot/Creditor_Suing_D1_Illustration_4x5.png
AS_DD_Creditor_Suing,DD_Creditor_Suing-illustration,Illustration,9:16,Stories/Reels,upload,Creditor_Suing_illustration_9x16.png,https://2-human.github.io/credo-public-meta-ads-preview/handoff/baked-9x16/Creditor_Suing/Creditor_Suing_illustration_9x16.png
AS_DD_Creditor_Suing,DD_Creditor_Suing-photo,Photo,1.91:1,—,not used by Meta,Creditor_Suing_D2_Photo_1_91x1.png,https://2-human.github.io/credo-public-meta-ads-preview/assets/lawsuit/v3-pilot/Creditor_Suing_D2_Photo_1_91x1.png
AS_DD_Creditor_Suing,DD_Creditor_Suing-photo,Photo,1:1,"Right column, Search, Marketplace",upload,Creditor_Suing_D2_Photo_1x1.png,https://2-human.github.io/credo-public-meta-ads-preview/assets/lawsuit/v3-pilot/Creditor_Suing_D2_Photo_1x1.png
AS_DD_Creditor_Suing,DD_Creditor_Suing-photo,Photo,4:5,Feeds,upload,Creditor_Suing_D2_Photo_4x5.png,https://2-human.github.io/credo-public-meta-ads-preview/assets/lawsuit/v3-pilot/Creditor_Suing_D2_Photo_4x5.png
AS_DD_Creditor_Suing,DD_Creditor_Suing-photo,Photo,9:16,Stories/Reels,upload,Creditor_Suing_photo_9x16.png,https://2-human.github.io/credo-public-meta-ads-preview/handoff/baked-9x16/Creditor_Suing/Creditor_Suing_photo_9x16.png
AS_DD_Creditor_Suing,DD_Creditor_Suing-stilllife,Still life,1.91:1,—,not used by Meta,Creditor_Suing_D3_StillLife_1_91x1.png,https://2-human.github.io/credo-public-meta-ads-preview/assets/lawsuit/v3-pilot/Creditor_Suing_D3_StillLife_1_91x1.png
AS_DD_Creditor_Suing,DD_Creditor_Suing-stilllife,Still life,1:1,"Right column, Search, Marketplace",upload,Creditor_Suing_D3_StillLife_1x1.png,https://2-human.github.io/credo-public-meta-ads-preview/assets/lawsuit/v3-pilot/Creditor_Suing_D3_StillLife_1x1.png
AS_DD_Creditor_Suing,DD_Creditor_Suing-stilllife,Still life,4:5,Feeds,upload,Creditor_Suing_D3_StillLife_4x5.png,https://2-human.github.io/credo-public-meta-ads-preview/assets/lawsuit/v3-pilot/Creditor_Suing_D3_StillLife_4x5.png
AS_DD_Creditor_Suing,DD_Creditor_Suing-stilllife,Still life,9:16,Stories/Reels,upload,Creditor_Suing_stilllife_9x16.png,https://2-human.github.io/credo-public-meta-ads-preview/handoff/baked-9x16/Creditor_Suing/Creditor_Suing_stilllife_9x16.png
AS_DD_Creditor_Suing,DD_Creditor_Suing-video,Video,9:16,Stories/Reels + Feeds,upload,Creditor_Suing_D4_Video_9x16.mp4,https://2-human.github.io/credo-public-meta-ads-preview/assets/lawsuit/v3-pilot/Creditor_Suing_D4_Video_9x16.mp4
AS_DD_Served_Papers,DD_Served_Papers-illustration,Illustration,1.91:1,—,not used by Meta,Served_Papers_D1_Illustration_1_91x1.png,https://2-human.github.io/credo-public-meta-ads-preview/assets/lawsuit/v3-pilot/Served_Papers_D1_Illustration_1_91x1.png
AS_DD_Served_Papers,DD_Served_Papers-illustration,Illustration,1:1,"Right column, Search, Marketplace",upload,Served_Papers_D1_Illustration_1x1.png,https://2-human.github.io/credo-public-meta-ads-preview/assets/lawsuit/v3-pilot/Served_Papers_D1_Illustration_1x1.png
AS_DD_Served_Papers,DD_Served_Papers-illustration,Illustration,4:5,Feeds,upload,Served_Papers_D1_Illustration_4x5.png,https://2-human.github.io/credo-public-meta-ads-preview/assets/lawsuit/v3-pilot/Served_Papers_D1_Illustration_4x5.png
AS_DD_Served_Papers,DD_Served_Papers-illustration,Illustration,9:16,Stories/Reels,upload,Served_Papers_illustration_9x16.png,https://2-human.github.io/credo-public-meta-ads-preview/handoff/baked-9x16/Served_Papers/Served_Papers_illustration_9x16.png
AS_DD_Served_Papers,DD_Served_Papers-photo,Photo,1.91:1,—,not used by Meta,Served_Papers_D2_Photo_1_91x1.png,https://2-human.github.io/credo-public-meta-ads-preview/assets/lawsuit/v3-pilot/Served_Papers_D2_Photo_1_91x1.png
AS_DD_Served_Papers,DD_Served_Papers-photo,Photo,1:1,"Right column, Search, Marketplace",upload,Served_Papers_D2_Photo_1x1.png,https://2-human.github.io/credo-public-meta-ads-preview/assets/lawsuit/v3-pilot/Served_Papers_D2_Photo_1x1.png
AS_DD_Served_Papers,DD_Served_Papers-photo,Photo,4:5,Feeds,upload,Served_Papers_D2_Photo_4x5.png,https://2-human.github.io/credo-public-meta-ads-preview/assets/lawsuit/v3-pilot/Served_Papers_D2_Photo_4x5.png
AS_DD_Served_Papers,DD_Served_Papers-photo,Photo,9:16,Stories/Reels,upload,Served_Papers_photo_9x16.png,https://2-human.github.io/credo-public-meta-ads-preview/handoff/baked-9x16/Served_Papers/Served_Papers_photo_9x16.png
AS_DD_Served_Papers,DD_Served_Papers-stilllife,Still life,1.91:1,—,not used by Meta,Served_Papers_D3_StillLife_1_91x1.png,https://2-human.github.io/credo-public-meta-ads-preview/assets/lawsuit/v3-pilot/Served_Papers_D3_StillLife_1_91x1.png
AS_DD_Served_Papers,DD_Served_Papers-stilllife,Still life,1:1,"Right column, Search, Marketplace",upload,Served_Papers_D3_StillLife_1x1.png,https://2-human.github.io/credo-public-meta-ads-preview/assets/lawsuit/v3-pilot/Served_Papers_D3_StillLife_1x1.png
AS_DD_Served_Papers,DD_Served_Papers-stilllife,Still life,4:5,Feeds,upload,Served_Papers_D3_StillLife_4x5.png,https://2-human.github.io/credo-public-meta-ads-preview/assets/lawsuit/v3-pilot/Served_Papers_D3_StillLife_4x5.png
AS_DD_Served_Papers,DD_Served_Papers-stilllife,Still life,9:16,Stories/Reels,upload,Served_Papers_stilllife_9x16.png,https://2-human.github.io/credo-public-meta-ads-preview/handoff/baked-9x16/Served_Papers/Served_Papers_stilllife_9x16.png
AS_DD_Served_Papers,DD_Served_Papers-video,Video,9:16,Stories/Reels + Feeds,upload,Served_Papers_D4_Video_9x16.mp4,https://2-human.github.io/credo-public-meta-ads-preview/assets/lawsuit/v3-pilot/Served_Papers_D4_Video_9x16.mp4
AS_DD_Creditor_Harassment,DD_Creditor_Harassment-illustration,Illustration,1.91:1,—,not used by Meta,Creditor_Harassment_D1_Illustration_1_91x1.png,https://2-human.github.io/credo-public-meta-ads-preview/assets/harassment/v3-pilot/Creditor_Harassment_D1_Illustration_1_91x1.png
AS_DD_Creditor_Harassment,DD_Creditor_Harassment-illustration,Illustration,1:1,"Right column, Search, Marketplace",upload,Creditor_Harassment_D1_Illustration_1x1.png,https://2-human.github.io/credo-public-meta-ads-preview/assets/harassment/v3-pilot/Creditor_Harassment_D1_Illustration_1x1.png
AS_DD_Creditor_Harassment,DD_Creditor_Harassment-illustration,Illustration,4:5,Feeds,upload,Creditor_Harassment_D1_Illustration_4x5.png,https://2-human.github.io/credo-public-meta-ads-preview/assets/harassment/v3-pilot/Creditor_Harassment_D1_Illustration_4x5.png
AS_DD_Creditor_Harassment,DD_Creditor_Harassment-illustration,Illustration,9:16,Stories/Reels,upload,Creditor_Harassment_illustration_9x16.png,https://2-human.github.io/credo-public-meta-ads-preview/handoff/baked-9x16/Creditor_Harassment/Creditor_Harassment_illustration_9x16.png
AS_DD_Creditor_Harassment,DD_Creditor_Harassment-photo,Photo,1.91:1,—,not used by Meta,Creditor_Harassment_D2_Photo_1_91x1.png,https://2-human.github.io/credo-public-meta-ads-preview/assets/harassment/v3-pilot/Creditor_Harassment_D2_Photo_1_91x1.png
AS_DD_Creditor_Harassment,DD_Creditor_Harassment-photo,Photo,1:1,"Right column, Search, Marketplace",upload,Creditor_Harassment_D2_Photo_1x1.png,https://2-human.github.io/credo-public-meta-ads-preview/assets/harassment/v3-pilot/Creditor_Harassment_D2_Photo_1x1.png
AS_DD_Creditor_Harassment,DD_Creditor_Harassment-photo,Photo,4:5,Feeds,upload,Creditor_Harassment_D2_Photo_4x5.png,https://2-human.github.io/credo-public-meta-ads-preview/assets/harassment/v3-pilot/Creditor_Harassment_D2_Photo_4x5.png
AS_DD_Creditor_Harassment,DD_Creditor_Harassment-photo,Photo,9:16,Stories/Reels,upload,Creditor_Harassment_photo_9x16.png,https://2-human.github.io/credo-public-meta-ads-preview/handoff/baked-9x16/Creditor_Harassment/Creditor_Harassment_photo_9x16.png
AS_DD_Creditor_Harassment,DD_Creditor_Harassment-stilllife,Still life,1.91:1,—,not used by Meta,Creditor_Harassment_D3_StillLife_1_91x1.png,https://2-human.github.io/credo-public-meta-ads-preview/assets/harassment/v3-pilot/Creditor_Harassment_D3_StillLife_1_91x1.png
AS_DD_Creditor_Harassment,DD_Creditor_Harassment-stilllife,Still life,1:1,"Right column, Search, Marketplace",upload,Creditor_Harassment_D3_StillLife_1x1.png,https://2-human.github.io/credo-public-meta-ads-preview/assets/harassment/v3-pilot/Creditor_Harassment_D3_StillLife_1x1.png
AS_DD_Creditor_Harassment,DD_Creditor_Harassment-stilllife,Still life,4:5,Feeds,upload,Creditor_Harassment_D3_StillLife_4x5.png,https://2-human.github.io/credo-public-meta-ads-preview/assets/harassment/v3-pilot/Creditor_Harassment_D3_StillLife_4x5.png
AS_DD_Creditor_Harassment,DD_Creditor_Harassment-stilllife,Still life,9:16,Stories/Reels,upload,Creditor_Harassment_stilllife_9x16.png,https://2-human.github.io/credo-public-meta-ads-preview/handoff/baked-9x16/Creditor_Harassment/Creditor_Harassment_stilllife_9x16.png
AS_DD_Creditor_Harassment,DD_Creditor_Harassment-video,Video,9:16,Stories/Reels + Feeds,upload,Creditor_Harassment_D4_Video_9x16.mp4,https://2-human.github.io/credo-public-meta-ads-preview/assets/harassment/v3-pilot/Creditor_Harassment_D4_Video_9x16.mp4
AS_DD_Creditor_Harassment,DD_Creditor_Harassment-bold,Bold,1.91:1,—,not used by Meta,bake-stop-m-1_91x1.jpeg,https://2-human.github.io/credo-public-meta-ads-preview/assets/bold/bake-stop-m-1_91x1.jpeg
AS_DD_Creditor_Harassment,DD_Creditor_Harassment-bold,Bold,1:1,"Right column, Search, Marketplace",upload,bake-stop-m-1x1.jpeg,https://2-human.github.io/credo-public-meta-ads-preview/assets/bold/bake-stop-m-1x1.jpeg
AS_DD_Creditor_Harassment,DD_Creditor_Harassment-bold,Bold,4:5,Feeds,upload,bake-stop-m-4x5.jpeg,https://2-human.github.io/credo-public-meta-ads-preview/assets/bold/bake-stop-m-4x5.jpeg
AS_DD_Creditor_Harassment,DD_Creditor_Harassment-bold,Bold,9:16,Stories/Reels,upload,bake-stop-m-9x16.jpeg,https://2-human.github.io/credo-public-meta-ads-preview/assets/bold/bake-stop-m-9x16.jpeg
AS_DD_FDCPA_Harassment,DD_FDCPA_Harassment-illustration,Illustration,1.91:1,—,not used by Meta,FDCPA_Harassment_D1_Illustration_1_91x1.png,https://2-human.github.io/credo-public-meta-ads-preview/assets/harassment/v3-pilot/FDCPA_Harassment_D1_Illustration_1_91x1.png
AS_DD_FDCPA_Harassment,DD_FDCPA_Harassment-illustration,Illustration,1:1,"Right column, Search, Marketplace",upload,FDCPA_Harassment_D1_Illustration_1x1.png,https://2-human.github.io/credo-public-meta-ads-preview/assets/harassment/v3-pilot/FDCPA_Harassment_D1_Illustration_1x1.png
AS_DD_FDCPA_Harassment,DD_FDCPA_Harassment-illustration,Illustration,4:5,Feeds,upload,FDCPA_Harassment_D1_Illustration_4x5.png,https://2-human.github.io/credo-public-meta-ads-preview/assets/harassment/v3-pilot/FDCPA_Harassment_D1_Illustration_4x5.png
AS_DD_FDCPA_Harassment,DD_FDCPA_Harassment-illustration,Illustration,9:16,Stories/Reels,upload,FDCPA_Harassment_illustration_9x16.png,https://2-human.github.io/credo-public-meta-ads-preview/handoff/baked-9x16/FDCPA_Harassment/FDCPA_Harassment_illustration_9x16.png
AS_DD_FDCPA_Harassment,DD_FDCPA_Harassment-photo,Photo,1.91:1,—,not used by Meta,FDCPA_Harassment_D2_Photo_1_91x1.png,https://2-human.github.io/credo-public-meta-ads-preview/assets/harassment/v3-pilot/FDCPA_Harassment_D2_Photo_1_91x1.png
AS_DD_FDCPA_Harassment,DD_FDCPA_Harassment-photo,Photo,1:1,"Right column, Search, Marketplace",upload,FDCPA_Harassment_D2_Photo_1x1.png,https://2-human.github.io/credo-public-meta-ads-preview/assets/harassment/v3-pilot/FDCPA_Harassment_D2_Photo_1x1.png
AS_DD_FDCPA_Harassment,DD_FDCPA_Harassment-photo,Photo,4:5,Feeds,upload,FDCPA_Harassment_D2_Photo_4x5.png,https://2-human.github.io/credo-public-meta-ads-preview/assets/harassment/v3-pilot/FDCPA_Harassment_D2_Photo_4x5.png
AS_DD_FDCPA_Harassment,DD_FDCPA_Harassment-photo,Photo,9:16,Stories/Reels,upload,FDCPA_Harassment_photo_9x16.png,https://2-human.github.io/credo-public-meta-ads-preview/handoff/baked-9x16/FDCPA_Harassment/FDCPA_Harassment_photo_9x16.png
AS_DD_FDCPA_Harassment,DD_FDCPA_Harassment-stilllife,Still life,1.91:1,—,not used by Meta,FDCPA_Harassment_D3_StillLife_1_91x1.png,https://2-human.github.io/credo-public-meta-ads-preview/assets/harassment/v3-pilot/FDCPA_Harassment_D3_StillLife_1_91x1.png
AS_DD_FDCPA_Harassment,DD_FDCPA_Harassment-stilllife,Still life,1:1,"Right column, Search, Marketplace",upload,FDCPA_Harassment_D3_StillLife_1x1.png,https://2-human.github.io/credo-public-meta-ads-preview/assets/harassment/v3-pilot/FDCPA_Harassment_D3_StillLife_1x1.png
AS_DD_FDCPA_Harassment,DD_FDCPA_Harassment-stilllife,Still life,4:5,Feeds,upload,FDCPA_Harassment_D3_StillLife_4x5.png,https://2-human.github.io/credo-public-meta-ads-preview/assets/harassment/v3-pilot/FDCPA_Harassment_D3_StillLife_4x5.png
AS_DD_FDCPA_Harassment,DD_FDCPA_Harassment-stilllife,Still life,9:16,Stories/Reels,upload,FDCPA_Harassment_stilllife_9x16.png,https://2-human.github.io/credo-public-meta-ads-preview/handoff/baked-9x16/FDCPA_Harassment/FDCPA_Harassment_stilllife_9x16.png
AS_DD_FDCPA_Harassment,DD_FDCPA_Harassment-video,Video,9:16,Stories/Reels + Feeds,upload,FDCPA_Harassment_D4_Video_9x16.mp4,https://2-human.github.io/credo-public-meta-ads-preview/assets/harassment/v3-pilot/FDCPA_Harassment_D4_Video_9x16.mp4
AS_DD_Multiple_Collectors,DD_Multiple_Collectors-illustration,Illustration,1.91:1,—,not used by Meta,Multiple_Collectors_D1_Illustration_1_91x1.png,https://2-human.github.io/credo-public-meta-ads-preview/assets/harassment/v3-pilot/Multiple_Collectors_D1_Illustration_1_91x1.png
AS_DD_Multiple_Collectors,DD_Multiple_Collectors-illustration,Illustration,1:1,"Right column, Search, Marketplace",upload,Multiple_Collectors_D1_Illustration_1x1.png,https://2-human.github.io/credo-public-meta-ads-preview/assets/harassment/v3-pilot/Multiple_Collectors_D1_Illustration_1x1.png
AS_DD_Multiple_Collectors,DD_Multiple_Collectors-illustration,Illustration,4:5,Feeds,upload,Multiple_Collectors_D1_Illustration_4x5.png,https://2-human.github.io/credo-public-meta-ads-preview/assets/harassment/v3-pilot/Multiple_Collectors_D1_Illustration_4x5.png
AS_DD_Multiple_Collectors,DD_Multiple_Collectors-illustration,Illustration,9:16,Stories/Reels,upload,Multiple_Collectors_illustration_9x16.png,https://2-human.github.io/credo-public-meta-ads-preview/handoff/baked-9x16/Multiple_Collectors/Multiple_Collectors_illustration_9x16.png
AS_DD_Multiple_Collectors,DD_Multiple_Collectors-photo,Photo,1.91:1,—,not used by Meta,Multiple_Collectors_D2_Photo_1_91x1.png,https://2-human.github.io/credo-public-meta-ads-preview/assets/harassment/v3-pilot/Multiple_Collectors_D2_Photo_1_91x1.png
AS_DD_Multiple_Collectors,DD_Multiple_Collectors-photo,Photo,1:1,"Right column, Search, Marketplace",upload,Multiple_Collectors_D2_Photo_1x1.png,https://2-human.github.io/credo-public-meta-ads-preview/assets/harassment/v3-pilot/Multiple_Collectors_D2_Photo_1x1.png
AS_DD_Multiple_Collectors,DD_Multiple_Collectors-photo,Photo,4:5,Feeds,upload,Multiple_Collectors_D2_Photo_4x5.png,https://2-human.github.io/credo-public-meta-ads-preview/assets/harassment/v3-pilot/Multiple_Collectors_D2_Photo_4x5.png
AS_DD_Multiple_Collectors,DD_Multiple_Collectors-photo,Photo,9:16,Stories/Reels,upload,Multiple_Collectors_photo_9x16.png,https://2-human.github.io/credo-public-meta-ads-preview/handoff/baked-9x16/Multiple_Collectors/Multiple_Collectors_photo_9x16.png
AS_DD_Multiple_Collectors,DD_Multiple_Collectors-stilllife,Still life,1.91:1,—,not used by Meta,Multiple_Collectors_D3_StillLife_1_91x1.png,https://2-human.github.io/credo-public-meta-ads-preview/assets/harassment/v3-pilot/Multiple_Collectors_D3_StillLife_1_91x1.png
AS_DD_Multiple_Collectors,DD_Multiple_Collectors-stilllife,Still life,1:1,"Right column, Search, Marketplace",upload,Multiple_Collectors_D3_StillLife_1x1.png,https://2-human.github.io/credo-public-meta-ads-preview/assets/harassment/v3-pilot/Multiple_Collectors_D3_StillLife_1x1.png
AS_DD_Multiple_Collectors,DD_Multiple_Collectors-stilllife,Still life,4:5,Feeds,upload,Multiple_Collectors_D3_StillLife_4x5.png,https://2-human.github.io/credo-public-meta-ads-preview/assets/harassment/v3-pilot/Multiple_Collectors_D3_StillLife_4x5.png
AS_DD_Multiple_Collectors,DD_Multiple_Collectors-stilllife,Still life,9:16,Stories/Reels,upload,Multiple_Collectors_stilllife_9x16.png,https://2-human.github.io/credo-public-meta-ads-preview/handoff/baked-9x16/Multiple_Collectors/Multiple_Collectors_stilllife_9x16.png
AS_DD_Multiple_Collectors,DD_Multiple_Collectors-video,Video,9:16,Stories/Reels + Feeds,upload,Multiple_Collectors_D4_Video_9x16.mp4,https://2-human.github.io/credo-public-meta-ads-preview/assets/harassment/v3-pilot/Multiple_Collectors_D4_Video_9x16.mp4
AS_DD_Medical_Harassment,DD_Medical_Harassment-illustration,Illustration,1.91:1,—,not used by Meta,Medical_Harassment_D1_Illustration_1_91x1.png,https://2-human.github.io/credo-public-meta-ads-preview/assets/medical-debt/v3-pilot/Medical_Harassment_D1_Illustration_1_91x1.png
AS_DD_Medical_Harassment,DD_Medical_Harassment-illustration,Illustration,1:1,"Right column, Search, Marketplace",upload,Medical_Harassment_D1_Illustration_1x1.png,https://2-human.github.io/credo-public-meta-ads-preview/assets/medical-debt/v3-pilot/Medical_Harassment_D1_Illustration_1x1.png
AS_DD_Medical_Harassment,DD_Medical_Harassment-illustration,Illustration,4:5,Feeds,upload,Medical_Harassment_D1_Illustration_4x5.png,https://2-human.github.io/credo-public-meta-ads-preview/assets/medical-debt/v3-pilot/Medical_Harassment_D1_Illustration_4x5.png
AS_DD_Medical_Harassment,DD_Medical_Harassment-illustration,Illustration,9:16,Stories/Reels,upload,Medical_Harassment_illustration_9x16.png,https://2-human.github.io/credo-public-meta-ads-preview/handoff/baked-9x16/Medical_Harassment/Medical_Harassment_illustration_9x16.png
AS_DD_Medical_Harassment,DD_Medical_Harassment-photo,Photo,1.91:1,—,not used by Meta,Medical_Harassment_D2_Photo_1_91x1.png,https://2-human.github.io/credo-public-meta-ads-preview/assets/medical-debt/v3-pilot/Medical_Harassment_D2_Photo_1_91x1.png
AS_DD_Medical_Harassment,DD_Medical_Harassment-photo,Photo,1:1,"Right column, Search, Marketplace",upload,Medical_Harassment_D2_Photo_1x1.png,https://2-human.github.io/credo-public-meta-ads-preview/assets/medical-debt/v3-pilot/Medical_Harassment_D2_Photo_1x1.png
AS_DD_Medical_Harassment,DD_Medical_Harassment-photo,Photo,4:5,Feeds,upload,Medical_Harassment_D2_Photo_4x5.png,https://2-human.github.io/credo-public-meta-ads-preview/assets/medical-debt/v3-pilot/Medical_Harassment_D2_Photo_4x5.png
AS_DD_Medical_Harassment,DD_Medical_Harassment-photo,Photo,9:16,Stories/Reels,upload,Medical_Harassment_photo_9x16.png,https://2-human.github.io/credo-public-meta-ads-preview/handoff/baked-9x16/Medical_Harassment/Medical_Harassment_photo_9x16.png
AS_DD_Medical_Harassment,DD_Medical_Harassment-stilllife,Still life,1.91:1,—,not used by Meta,Medical_Harassment_D3_StillLife_1_91x1.png,https://2-human.github.io/credo-public-meta-ads-preview/assets/medical-debt/v3-pilot/Medical_Harassment_D3_StillLife_1_91x1.png
AS_DD_Medical_Harassment,DD_Medical_Harassment-stilllife,Still life,1:1,"Right column, Search, Marketplace",upload,Medical_Harassment_D3_StillLife_1x1.png,https://2-human.github.io/credo-public-meta-ads-preview/assets/medical-debt/v3-pilot/Medical_Harassment_D3_StillLife_1x1.png
AS_DD_Medical_Harassment,DD_Medical_Harassment-stilllife,Still life,4:5,Feeds,upload,Medical_Harassment_D3_StillLife_4x5.png,https://2-human.github.io/credo-public-meta-ads-preview/assets/medical-debt/v3-pilot/Medical_Harassment_D3_StillLife_4x5.png
AS_DD_Medical_Harassment,DD_Medical_Harassment-stilllife,Still life,9:16,Stories/Reels,upload,Medical_Harassment_stilllife_9x16.png,https://2-human.github.io/credo-public-meta-ads-preview/handoff/baked-9x16/Medical_Harassment/Medical_Harassment_stilllife_9x16.png
AS_DD_Medical_Harassment,DD_Medical_Harassment-video,Video,9:16,Stories/Reels + Feeds,upload,Medical_Harassment_D4_Video_9x16.mp4,https://2-human.github.io/credo-public-meta-ads-preview/assets/medical-debt/v3-pilot/Medical_Harassment_D4_Video_9x16.mp4
AS_DD_Medical_Harassment,DD_Medical_Harassment-bold,Bold,1.91:1,—,not used by Meta,bake-stop-m-1_91x1.jpeg,https://2-human.github.io/credo-public-meta-ads-preview/assets/bold/bake-stop-m-1_91x1.jpeg
AS_DD_Medical_Harassment,DD_Medical_Harassment-bold,Bold,1:1,"Right column, Search, Marketplace",upload,bake-stop-m-1x1.jpeg,https://2-human.github.io/credo-public-meta-ads-preview/assets/bold/bake-stop-m-1x1.jpeg
AS_DD_Medical_Harassment,DD_Medical_Harassment-bold,Bold,4:5,Feeds,upload,bake-stop-m-4x5.jpeg,https://2-human.github.io/credo-public-meta-ads-preview/assets/bold/bake-stop-m-4x5.jpeg
AS_DD_Medical_Harassment,DD_Medical_Harassment-bold,Bold,9:16,Stories/Reels,upload,bake-stop-m-9x16.jpeg,https://2-human.github.io/credo-public-meta-ads-preview/assets/bold/bake-stop-m-9x16.jpeg
AS_DD_Medical_Lawsuit,DD_Medical_Lawsuit-illustration,Illustration,1.91:1,—,not used by Meta,Medical_Lawsuit_D1_Illustration_1_91x1.png,https://2-human.github.io/credo-public-meta-ads-preview/assets/medical-debt/v3-pilot/Medical_Lawsuit_D1_Illustration_1_91x1.png
AS_DD_Medical_Lawsuit,DD_Medical_Lawsuit-illustration,Illustration,1:1,"Right column, Search, Marketplace",upload,Medical_Lawsuit_D1_Illustration_1x1.png,https://2-human.github.io/credo-public-meta-ads-preview/assets/medical-debt/v3-pilot/Medical_Lawsuit_D1_Illustration_1x1.png
AS_DD_Medical_Lawsuit,DD_Medical_Lawsuit-illustration,Illustration,4:5,Feeds,upload,Medical_Lawsuit_D1_Illustration_4x5.png,https://2-human.github.io/credo-public-meta-ads-preview/assets/medical-debt/v3-pilot/Medical_Lawsuit_D1_Illustration_4x5.png
AS_DD_Medical_Lawsuit,DD_Medical_Lawsuit-illustration,Illustration,9:16,Stories/Reels,upload,Medical_Lawsuit_illustration_9x16.png,https://2-human.github.io/credo-public-meta-ads-preview/handoff/baked-9x16/Medical_Lawsuit/Medical_Lawsuit_illustration_9x16.png
AS_DD_Medical_Lawsuit,DD_Medical_Lawsuit-photo,Photo,1.91:1,—,not used by Meta,Medical_Lawsuit_D2_Photo_1_91x1.png,https://2-human.github.io/credo-public-meta-ads-preview/assets/medical-debt/v3-pilot/Medical_Lawsuit_D2_Photo_1_91x1.png
AS_DD_Medical_Lawsuit,DD_Medical_Lawsuit-photo,Photo,1:1,"Right column, Search, Marketplace",upload,Medical_Lawsuit_D2_Photo_1x1.png,https://2-human.github.io/credo-public-meta-ads-preview/assets/medical-debt/v3-pilot/Medical_Lawsuit_D2_Photo_1x1.png
AS_DD_Medical_Lawsuit,DD_Medical_Lawsuit-photo,Photo,4:5,Feeds,upload,Medical_Lawsuit_D2_Photo_4x5.png,https://2-human.github.io/credo-public-meta-ads-preview/assets/medical-debt/v3-pilot/Medical_Lawsuit_D2_Photo_4x5.png
AS_DD_Medical_Lawsuit,DD_Medical_Lawsuit-photo,Photo,9:16,Stories/Reels,upload,Medical_Lawsuit_photo_9x16.png,https://2-human.github.io/credo-public-meta-ads-preview/handoff/baked-9x16/Medical_Lawsuit/Medical_Lawsuit_photo_9x16.png
AS_DD_Medical_Lawsuit,DD_Medical_Lawsuit-stilllife,Still life,1.91:1,—,not used by Meta,Medical_Lawsuit_D3_StillLife_1_91x1.png,https://2-human.github.io/credo-public-meta-ads-preview/assets/medical-debt/v3-pilot/Medical_Lawsuit_D3_StillLife_1_91x1.png
AS_DD_Medical_Lawsuit,DD_Medical_Lawsuit-stilllife,Still life,1:1,"Right column, Search, Marketplace",upload,Medical_Lawsuit_D3_StillLife_1x1.png,https://2-human.github.io/credo-public-meta-ads-preview/assets/medical-debt/v3-pilot/Medical_Lawsuit_D3_StillLife_1x1.png
AS_DD_Medical_Lawsuit,DD_Medical_Lawsuit-stilllife,Still life,4:5,Feeds,upload,Medical_Lawsuit_D3_StillLife_4x5.png,https://2-human.github.io/credo-public-meta-ads-preview/assets/medical-debt/v3-pilot/Medical_Lawsuit_D3_StillLife_4x5.png
AS_DD_Medical_Lawsuit,DD_Medical_Lawsuit-stilllife,Still life,9:16,Stories/Reels,upload,Medical_Lawsuit_stilllife_9x16.png,https://2-human.github.io/credo-public-meta-ads-preview/handoff/baked-9x16/Medical_Lawsuit/Medical_Lawsuit_stilllife_9x16.png
AS_DD_Medical_Lawsuit,DD_Medical_Lawsuit-video,Video,9:16,Stories/Reels + Feeds,upload,Medical_Lawsuit_D4_Video_9x16.mp4,https://2-human.github.io/credo-public-meta-ads-preview/assets/medical-debt/v3-pilot/Medical_Lawsuit_D4_Video_9x16.mp4
AS_DD_Medical_Rights,DD_Medical_Rights-illustration,Illustration,1.91:1,—,not used by Meta,Medical_Rights_D1_Illustration_1_91x1.png,https://2-human.github.io/credo-public-meta-ads-preview/assets/medical-debt/v3-pilot/Medical_Rights_D1_Illustration_1_91x1.png
AS_DD_Medical_Rights,DD_Medical_Rights-illustration,Illustration,1:1,"Right column, Search, Marketplace",upload,Medical_Rights_D1_Illustration_1x1.png,https://2-human.github.io/credo-public-meta-ads-preview/assets/medical-debt/v3-pilot/Medical_Rights_D1_Illustration_1x1.png
AS_DD_Medical_Rights,DD_Medical_Rights-illustration,Illustration,4:5,Feeds,upload,Medical_Rights_D1_Illustration_4x5.png,https://2-human.github.io/credo-public-meta-ads-preview/assets/medical-debt/v3-pilot/Medical_Rights_D1_Illustration_4x5.png
AS_DD_Medical_Rights,DD_Medical_Rights-illustration,Illustration,9:16,Stories/Reels,upload,Medical_Rights_illustration_9x16.png,https://2-human.github.io/credo-public-meta-ads-preview/handoff/baked-9x16/Medical_Rights/Medical_Rights_illustration_9x16.png
AS_DD_Medical_Rights,DD_Medical_Rights-photo,Photo,1.91:1,—,not used by Meta,Medical_Rights_D2_Photo_1_91x1.png,https://2-human.github.io/credo-public-meta-ads-preview/assets/medical-debt/v3-pilot/Medical_Rights_D2_Photo_1_91x1.png
AS_DD_Medical_Rights,DD_Medical_Rights-photo,Photo,1:1,"Right column, Search, Marketplace",upload,Medical_Rights_D2_Photo_1x1.png,https://2-human.github.io/credo-public-meta-ads-preview/assets/medical-debt/v3-pilot/Medical_Rights_D2_Photo_1x1.png
AS_DD_Medical_Rights,DD_Medical_Rights-photo,Photo,4:5,Feeds,upload,Medical_Rights_D2_Photo_4x5.png,https://2-human.github.io/credo-public-meta-ads-preview/assets/medical-debt/v3-pilot/Medical_Rights_D2_Photo_4x5.png
AS_DD_Medical_Rights,DD_Medical_Rights-photo,Photo,9:16,Stories/Reels,upload,Medical_Rights_photo_9x16.png,https://2-human.github.io/credo-public-meta-ads-preview/handoff/baked-9x16/Medical_Rights/Medical_Rights_photo_9x16.png
AS_DD_Medical_Rights,DD_Medical_Rights-stilllife,Still life,1.91:1,—,not used by Meta,Medical_Rights_D3_StillLife_1_91x1.png,https://2-human.github.io/credo-public-meta-ads-preview/assets/medical-debt/v3-pilot/Medical_Rights_D3_StillLife_1_91x1.png
AS_DD_Medical_Rights,DD_Medical_Rights-stilllife,Still life,1:1,"Right column, Search, Marketplace",upload,Medical_Rights_D3_StillLife_1x1.png,https://2-human.github.io/credo-public-meta-ads-preview/assets/medical-debt/v3-pilot/Medical_Rights_D3_StillLife_1x1.png
AS_DD_Medical_Rights,DD_Medical_Rights-stilllife,Still life,4:5,Feeds,upload,Medical_Rights_D3_StillLife_4x5.png,https://2-human.github.io/credo-public-meta-ads-preview/assets/medical-debt/v3-pilot/Medical_Rights_D3_StillLife_4x5.png
AS_DD_Medical_Rights,DD_Medical_Rights-stilllife,Still life,9:16,Stories/Reels,upload,Medical_Rights_stilllife_9x16.png,https://2-human.github.io/credo-public-meta-ads-preview/handoff/baked-9x16/Medical_Rights/Medical_Rights_stilllife_9x16.png
AS_DD_Medical_Rights,DD_Medical_Rights-video,Video,9:16,Stories/Reels + Feeds,upload,Medical_Rights_D4_Video_9x16.mp4,https://2-human.github.io/credo-public-meta-ads-preview/assets/medical-debt/v3-pilot/Medical_Rights_D4_Video_9x16.mp4
AS_DD_Medical_Rights,DD_Medical_Rights-bold,Bold,1.91:1,—,not used by Meta,bake-pinch-m-1_91x1.jpeg,https://2-human.github.io/credo-public-meta-ads-preview/assets/bold/bake-pinch-m-1_91x1.jpeg
AS_DD_Medical_Rights,DD_Medical_Rights-bold,Bold,1:1,"Right column, Search, Marketplace",upload,bake-pinch-m-1x1.jpeg,https://2-human.github.io/credo-public-meta-ads-preview/assets/bold/bake-pinch-m-1x1.jpeg
AS_DD_Medical_Rights,DD_Medical_Rights-bold,Bold,4:5,Feeds,upload,bake-pinch-m-4x5.jpeg,https://2-human.github.io/credo-public-meta-ads-preview/assets/bold/bake-pinch-m-4x5.jpeg
AS_DD_Medical_Rights,DD_Medical_Rights-bold,Bold,9:16,Stories/Reels,upload,bake-pinch-m-9x16.jpeg,https://2-human.github.io/credo-public-meta-ads-preview/assets/bold/bake-pinch-m-9x16.jpeg
AS_DD_Pre_Judgment_Garn,DD_Pre_Judgment_Garn-illustration,Illustration,1.91:1,—,not used by Meta,Pre_Judgment_Garn_D1_Illustration_1_91x1.png,https://2-human.github.io/credo-public-meta-ads-preview/assets/garnishment/v3-pilot/Pre_Judgment_Garn_D1_Illustration_1_91x1.png
AS_DD_Pre_Judgment_Garn,DD_Pre_Judgment_Garn-illustration,Illustration,1:1,"Right column, Search, Marketplace",upload,Pre_Judgment_Garn_D1_Illustration_1x1.png,https://2-human.github.io/credo-public-meta-ads-preview/assets/garnishment/v3-pilot/Pre_Judgment_Garn_D1_Illustration_1x1.png
AS_DD_Pre_Judgment_Garn,DD_Pre_Judgment_Garn-illustration,Illustration,4:5,Feeds,upload,Pre_Judgment_Garn_D1_Illustration_4x5.png,https://2-human.github.io/credo-public-meta-ads-preview/assets/garnishment/v3-pilot/Pre_Judgment_Garn_D1_Illustration_4x5.png
AS_DD_Pre_Judgment_Garn,DD_Pre_Judgment_Garn-illustration,Illustration,9:16,Stories/Reels,upload,Pre_Judgment_Garn_illustration_9x16.png,https://2-human.github.io/credo-public-meta-ads-preview/handoff/baked-9x16/Pre_Judgment_Garn/Pre_Judgment_Garn_illustration_9x16.png
AS_DD_Pre_Judgment_Garn,DD_Pre_Judgment_Garn-photo,Photo,1.91:1,—,not used by Meta,Pre_Judgment_Garn_D2_Photo_1_91x1.png,https://2-human.github.io/credo-public-meta-ads-preview/assets/garnishment/v3-pilot/Pre_Judgment_Garn_D2_Photo_1_91x1.png
AS_DD_Pre_Judgment_Garn,DD_Pre_Judgment_Garn-photo,Photo,1:1,"Right column, Search, Marketplace",upload,Pre_Judgment_Garn_D2_Photo_1x1.png,https://2-human.github.io/credo-public-meta-ads-preview/assets/garnishment/v3-pilot/Pre_Judgment_Garn_D2_Photo_1x1.png
AS_DD_Pre_Judgment_Garn,DD_Pre_Judgment_Garn-photo,Photo,4:5,Feeds,upload,Pre_Judgment_Garn_D2_Photo_4x5.png,https://2-human.github.io/credo-public-meta-ads-preview/assets/garnishment/v3-pilot/Pre_Judgment_Garn_D2_Photo_4x5.png
AS_DD_Pre_Judgment_Garn,DD_Pre_Judgment_Garn-photo,Photo,9:16,Stories/Reels,upload,Pre_Judgment_Garn_photo_9x16.png,https://2-human.github.io/credo-public-meta-ads-preview/handoff/baked-9x16/Pre_Judgment_Garn/Pre_Judgment_Garn_photo_9x16.png
AS_DD_Pre_Judgment_Garn,DD_Pre_Judgment_Garn-stilllife,Still life,1.91:1,—,not used by Meta,Pre_Judgment_Garn_D3_StillLife_1_91x1.png,https://2-human.github.io/credo-public-meta-ads-preview/assets/garnishment/v3-pilot/Pre_Judgment_Garn_D3_StillLife_1_91x1.png
AS_DD_Pre_Judgment_Garn,DD_Pre_Judgment_Garn-stilllife,Still life,1:1,"Right column, Search, Marketplace",upload,Pre_Judgment_Garn_D3_StillLife_1x1.png,https://2-human.github.io/credo-public-meta-ads-preview/assets/garnishment/v3-pilot/Pre_Judgment_Garn_D3_StillLife_1x1.png
AS_DD_Pre_Judgment_Garn,DD_Pre_Judgment_Garn-stilllife,Still life,4:5,Feeds,upload,Pre_Judgment_Garn_D3_StillLife_4x5.png,https://2-human.github.io/credo-public-meta-ads-preview/assets/garnishment/v3-pilot/Pre_Judgment_Garn_D3_StillLife_4x5.png
AS_DD_Pre_Judgment_Garn,DD_Pre_Judgment_Garn-stilllife,Still life,9:16,Stories/Reels,upload,Pre_Judgment_Garn_stilllife_9x16.png,https://2-human.github.io/credo-public-meta-ads-preview/handoff/baked-9x16/Pre_Judgment_Garn/Pre_Judgment_Garn_stilllife_9x16.png
AS_DD_Pre_Judgment_Garn,DD_Pre_Judgment_Garn-video,Video,9:16,Stories/Reels + Feeds,upload,Pre_Judgment_Garn_D4_Video_9x16.mp4,https://2-human.github.io/credo-public-meta-ads-preview/assets/garnishment/v3-pilot/Pre_Judgment_Garn_D4_Video_9x16.mp4
AS_DD_Pre_Judgment_Garn,DD_Pre_Judgment_Garn-bold,Bold,1.91:1,—,not used by Meta,bake-offer-m-1_91x1.jpeg,https://2-human.github.io/credo-public-meta-ads-preview/assets/bold/bake-offer-m-1_91x1.jpeg
AS_DD_Pre_Judgment_Garn,DD_Pre_Judgment_Garn-bold,Bold,1:1,"Right column, Search, Marketplace",upload,bake-offer-m-1x1.jpeg,https://2-human.github.io/credo-public-meta-ads-preview/assets/bold/bake-offer-m-1x1.jpeg
AS_DD_Pre_Judgment_Garn,DD_Pre_Judgment_Garn-bold,Bold,4:5,Feeds,upload,bake-offer-m-4x5.jpeg,https://2-human.github.io/credo-public-meta-ads-preview/assets/bold/bake-offer-m-4x5.jpeg
AS_DD_Pre_Judgment_Garn,DD_Pre_Judgment_Garn-bold,Bold,9:16,Stories/Reels,upload,bake-offer-m-9x16.jpeg,https://2-human.github.io/credo-public-meta-ads-preview/assets/bold/bake-offer-m-9x16.jpeg
AS_DD_Post_Judgment_Garn,DD_Post_Judgment_Garn-illustration,Illustration,1.91:1,—,not used by Meta,Post_Judgment_Garn_D1_Illustration_1_91x1.png,https://2-human.github.io/credo-public-meta-ads-preview/assets/garnishment/v3-pilot/Post_Judgment_Garn_D1_Illustration_1_91x1.png
AS_DD_Post_Judgment_Garn,DD_Post_Judgment_Garn-illustration,Illustration,1:1,"Right column, Search, Marketplace",upload,Post_Judgment_Garn_D1_Illustration_1x1.png,https://2-human.github.io/credo-public-meta-ads-preview/assets/garnishment/v3-pilot/Post_Judgment_Garn_D1_Illustration_1x1.png
AS_DD_Post_Judgment_Garn,DD_Post_Judgment_Garn-illustration,Illustration,4:5,Feeds,upload,Post_Judgment_Garn_D1_Illustration_4x5.png,https://2-human.github.io/credo-public-meta-ads-preview/assets/garnishment/v3-pilot/Post_Judgment_Garn_D1_Illustration_4x5.png
AS_DD_Post_Judgment_Garn,DD_Post_Judgment_Garn-illustration,Illustration,9:16,Stories/Reels,upload,Post_Judgment_Garn_illustration_9x16.png,https://2-human.github.io/credo-public-meta-ads-preview/handoff/baked-9x16/Post_Judgment_Garn/Post_Judgment_Garn_illustration_9x16.png
AS_DD_Post_Judgment_Garn,DD_Post_Judgment_Garn-photo,Photo,1.91:1,—,not used by Meta,Post_Judgment_Garn_D2_Photo_1_91x1.png,https://2-human.github.io/credo-public-meta-ads-preview/assets/garnishment/v3-pilot/Post_Judgment_Garn_D2_Photo_1_91x1.png
AS_DD_Post_Judgment_Garn,DD_Post_Judgment_Garn-photo,Photo,1:1,"Right column, Search, Marketplace",upload,Post_Judgment_Garn_D2_Photo_1x1.png,https://2-human.github.io/credo-public-meta-ads-preview/assets/garnishment/v3-pilot/Post_Judgment_Garn_D2_Photo_1x1.png
AS_DD_Post_Judgment_Garn,DD_Post_Judgment_Garn-photo,Photo,4:5,Feeds,upload,Post_Judgment_Garn_D2_Photo_4x5.png,https://2-human.github.io/credo-public-meta-ads-preview/assets/garnishment/v3-pilot/Post_Judgment_Garn_D2_Photo_4x5.png
AS_DD_Post_Judgment_Garn,DD_Post_Judgment_Garn-photo,Photo,9:16,Stories/Reels,upload,Post_Judgment_Garn_photo_9x16.png,https://2-human.github.io/credo-public-meta-ads-preview/handoff/baked-9x16/Post_Judgment_Garn/Post_Judgment_Garn_photo_9x16.png
AS_DD_Post_Judgment_Garn,DD_Post_Judgment_Garn-stilllife,Still life,1.91:1,—,not used by Meta,Post_Judgment_Garn_D3_StillLife_1_91x1.png,https://2-human.github.io/credo-public-meta-ads-preview/assets/garnishment/v3-pilot/Post_Judgment_Garn_D3_StillLife_1_91x1.png
AS_DD_Post_Judgment_Garn,DD_Post_Judgment_Garn-stilllife,Still life,1:1,"Right column, Search, Marketplace",upload,Post_Judgment_Garn_D3_StillLife_1x1.png,https://2-human.github.io/credo-public-meta-ads-preview/assets/garnishment/v3-pilot/Post_Judgment_Garn_D3_StillLife_1x1.png
AS_DD_Post_Judgment_Garn,DD_Post_Judgment_Garn-stilllife,Still life,4:5,Feeds,upload,Post_Judgment_Garn_D3_StillLife_4x5.png,https://2-human.github.io/credo-public-meta-ads-preview/assets/garnishment/v3-pilot/Post_Judgment_Garn_D3_StillLife_4x5.png
AS_DD_Post_Judgment_Garn,DD_Post_Judgment_Garn-stilllife,Still life,9:16,Stories/Reels,upload,Post_Judgment_Garn_stilllife_9x16.png,https://2-human.github.io/credo-public-meta-ads-preview/handoff/baked-9x16/Post_Judgment_Garn/Post_Judgment_Garn_stilllife_9x16.png
AS_DD_Post_Judgment_Garn,DD_Post_Judgment_Garn-video,Video,9:16,Stories/Reels + Feeds,upload,Post_Judgment_Garn_D4_Video_9x16.mp4,https://2-human.github.io/credo-public-meta-ads-preview/assets/garnishment/v3-pilot/Post_Judgment_Garn_D4_Video_9x16.mp4
AS_DD_Post_Judgment_Garn,DD_Post_Judgment_Garn-bold,Bold,1.91:1,—,not used by Meta,bake-offer-m-1_91x1.jpeg,https://2-human.github.io/credo-public-meta-ads-preview/assets/bold/bake-offer-m-1_91x1.jpeg
AS_DD_Post_Judgment_Garn,DD_Post_Judgment_Garn-bold,Bold,1:1,"Right column, Search, Marketplace",upload,bake-offer-m-1x1.jpeg,https://2-human.github.io/credo-public-meta-ads-preview/assets/bold/bake-offer-m-1x1.jpeg
AS_DD_Post_Judgment_Garn,DD_Post_Judgment_Garn-bold,Bold,4:5,Feeds,upload,bake-offer-m-4x5.jpeg,https://2-human.github.io/credo-public-meta-ads-preview/assets/bold/bake-offer-m-4x5.jpeg
AS_DD_Post_Judgment_Garn,DD_Post_Judgment_Garn-bold,Bold,9:16,Stories/Reels,upload,bake-offer-m-9x16.jpeg,https://2-human.github.io/credo-public-meta-ads-preview/assets/bold/bake-offer-m-9x16.jpeg
